-- MySQL dump 10.13  Distrib 8.0.31, for Win64 (x86_64)
--
-- Host: localhost    Database: nba_stats
-- ------------------------------------------------------
-- Server version	8.0.31

/*!40101 SET @OLD_CHARACTER_SET_CLIENT=@@CHARACTER_SET_CLIENT */;
/*!40101 SET @OLD_CHARACTER_SET_RESULTS=@@CHARACTER_SET_RESULTS */;
/*!40101 SET @OLD_COLLATION_CONNECTION=@@COLLATION_CONNECTION */;
/*!50503 SET NAMES utf8mb4 */;
/*!40103 SET @OLD_TIME_ZONE=@@TIME_ZONE */;
/*!40103 SET TIME_ZONE='+00:00' */;
/*!40014 SET @OLD_UNIQUE_CHECKS=@@UNIQUE_CHECKS, UNIQUE_CHECKS=0 */;
/*!40014 SET @OLD_FOREIGN_KEY_CHECKS=@@FOREIGN_KEY_CHECKS, FOREIGN_KEY_CHECKS=0 */;
/*!40101 SET @OLD_SQL_MODE=@@SQL_MODE, SQL_MODE='NO_AUTO_VALUE_ON_ZERO' */;
/*!40111 SET @OLD_SQL_NOTES=@@SQL_NOTES, SQL_NOTES=0 */;

--
-- Table structure for table `assists_turnovers`
--

DROP TABLE IF EXISTS `assists_turnovers`;
/*!40101 SET @saved_cs_client     = @@character_set_client */;
/*!50503 SET character_set_client = utf8mb4 */;
CREATE TABLE `assists_turnovers` (
  `player_id` int unsigned NOT NULL,
  `games_played` int DEFAULT NULL,
  `games_started` int DEFAULT NULL,
  `assists` int DEFAULT NULL,
  `assist_per_game` float DEFAULT NULL,
  `turnovers` int DEFAULT NULL,
  `turnovers_per_game` int DEFAULT NULL,
  `assist_to_turnover_ratio` float DEFAULT NULL,
  `player_name` varchar(30) DEFAULT NULL,
  `player_primary_position` varchar(3) DEFAULT NULL,
  `team_id` varchar(3) DEFAULT NULL,
  PRIMARY KEY (`player_id`)
) ENGINE=InnoDB DEFAULT CHARSET=utf8mb4 COLLATE=utf8mb4_0900_ai_ci;
/*!40101 SET character_set_client = @saved_cs_client */;

--
-- Dumping data for table `assists_turnovers`
--

LOCK TABLES `assists_turnovers` WRITE;
/*!40000 ALTER TABLE `assists_turnovers` DISABLE KEYS */;
INSERT INTO `assists_turnovers` VALUES (29,20,20,225,11.3,53,3,4.2,'Tyrese Haliburton','PG','IND'),(30,20,20,188,9.4,70,4,2.7,'Trae Young','PG','ATL'),(31,17,17,149,8.8,55,3,2.7,'Nikola Jokic','C','DEN'),(32,18,18,151,8.4,63,4,2.4,'Luka Doncic','PG','DAL'),(33,15,15,121,8.1,52,4,2.3,'Darius Garland','PG','CLE'),(34,17,17,134,7.9,25,2,5.4,'Mike Conley','PG','UTA'),(35,17,17,130,7.6,64,4,2,'Ja Morant','PG','MEM'),(36,19,19,143,7.5,40,2,3.6,'Marcus Smart','PG','BOS'),(37,15,14,111,7.4,50,3,2.2,'Jrue Holiday','PG','MIL'),(38,18,3,132,7.3,68,4,1.9,'Russell Westbrook','PG','LAL'),(39,19,19,137,7.2,45,2,3,'Draymond Green','PF','GS'),(40,19,19,135,7.1,55,3,2.5,'Stephen Curry','PG','GS'),(41,20,20,141,7.1,41,2,3.4,'Tre Jones','PG','SA'),(42,20,20,133,6.7,34,2,3.9,'Jalen Brunson','PG','NY'),(43,21,21,139,6.6,55,3,2.5,'Dejounte Murray','PG','ATL'),(44,21,21,138,6.6,57,3,2.4,'D\'Angelo Russell','PG','MIN'),(45,14,14,93,6.6,24,2,3.9,'Fred VanVleet','PG','TOR'),(46,19,19,121,6.4,48,3,2.5,'Domantas Sabonis','C','SAC'),(47,21,21,130,6.2,53,3,2.5,'Kyle Lowry','PG','MIA'),(48,20,20,121,6.1,63,3,1.9,'Shai Gilgeous-Alexander','SG','OKC'),(49,17,17,104,6.1,36,2,2.9,'CJ McCollum','PG','NO'),(50,19,19,115,6.1,72,4,1.6,'Kevin Porter','PG','HOU'),(51,18,18,108,6,46,3,2.3,'De\'Aaron Fox','PG','SAC'),(52,20,20,115,5.8,53,3,2.2,'Devin Booker','SG','PHO'),(53,17,12,99,5.8,39,2,2.5,'Ben Simmons','PG','BKN'),(54,15,11,85,5.7,23,2,3.7,'Dennis Smith Jr.','PG','CHA'),(55,15,15,84,5.6,43,3,2,'Bradley Beal','SG','WAS'),(56,17,0,95,5.6,40,2,2.4,'John Wall','PG','LAC'),(57,18,18,99,5.5,63,4,1.6,'Josh Giddey','PG','OKC'),(58,16,16,87,5.4,60,4,1.5,'Giannis Antetokounmpo','PF','MIL'),(59,22,22,118,5.4,75,3,1.6,'Kevin Durant','PF','BKN'),(60,21,21,111,5.3,65,3,1.7,'Karl-Anthony Towns','PF','MIN'),(61,17,16,88,5.2,38,2,2.3,'Scottie Barnes','PF','TOR'),(62,18,18,93,5.2,13,1,7.2,'Monte Morris','PG','WAS'),(63,18,10,93,5.2,38,2,2.4,'Cameron Payne','PG','PHO'),(64,19,19,95,5,58,3,1.6,'Donovan Mitchell','SG','CLE'),(65,16,16,80,5,33,2,2.4,'Jamal Murray','PG','DEN'),(66,23,23,113,4.9,59,3,1.9,'Jordan Clarkson','PG','UTA'),(67,19,19,94,4.9,31,2,3,'Spencer Dinwiddie','PG','DAL'),(68,17,14,81,4.8,30,2,2.7,'Caris LeVert','SF','CLE'),(69,20,8,94,4.7,36,2,2.6,'Bruce Brown','SF','DEN'),(70,15,15,70,4.7,42,3,1.7,'Brandon Ingram','SF','NO'),(71,20,20,92,4.6,40,2,2.3,'DeMar DeRozan','SF','CHI'),(72,22,22,102,4.6,38,2,2.7,'Royce O\'Neale','PF','BKN'),(73,20,20,91,4.6,47,2,1.9,'Jayson Tatum','PF','BOS'),(74,22,9,97,4.4,38,2,2.6,'Killian Hayes','PG','DET'),(75,20,3,88,4.4,20,1,4.4,'Tyus Jones','PG','MEM'),(76,15,15,66,4.4,30,2,2.2,'Tyrese Maxey','PG','PHI'),(77,21,4,93,4.4,60,3,1.6,'Jordan Poole','SG','GS'),(78,16,16,68,4.3,35,2,1.9,'Zach LaVine','SG','CHI'),(79,16,16,69,4.3,58,4,1.2,'Paul George','SF','LAC'),(80,19,19,81,4.3,49,3,1.7,'Jaden Ivey','SG','DET'),(81,21,21,91,4.3,46,2,2,'Reggie Jackson','PG','LAC'),(82,19,0,81,4.3,34,2,2.4,'Malik Monk','SG','SAC'),(83,18,18,78,4.3,39,2,2,'Anfernee Simons','SG','POR'),(84,20,20,84,4.2,35,2,2.4,'Josh Hart','SF','POR'),(85,19,0,79,4.2,34,2,2.3,'T.J. McConnell','PG','IND'),(86,21,21,88,4.2,42,2,2.1,'Mason Plumlee','C','CHA'),(87,20,20,80,4,64,3,1.3,'Jalen Green','SG','HOU'),(88,21,21,85,4,57,3,1.5,'Franz Wagner','G','ORL'),(89,15,15,60,4,38,3,1.6,'Zion Williamson','PF','NO'),(90,17,0,65,3.8,32,2,2,'Malcolm Brogdon','PG','BOS'),(91,21,21,79,3.8,67,3,1.2,'Anthony Edwards','SG','MIN'),(92,17,7,64,3.8,24,1,2.7,'Justise Winslow','SF','POR'),(93,20,5,73,3.7,30,2,2.4,'Alex Caruso','SG','CHI'),(94,15,0,56,3.7,9,1,6.2,'Jordan McLaughlin','PG','MIN'),(95,20,20,72,3.6,50,3,1.4,'Kyle Kuzma','PF','WAS'),(96,16,14,58,3.6,25,2,2.3,'Devin Vassell','SG','SA'),(97,20,20,70,3.5,23,1,3,'Mikal Bridges','SF','PHO'),(98,19,19,67,3.5,27,1,2.5,'Jevon Carter','PG','MIL'),(99,17,6,60,3.5,31,2,1.9,'Shake Milton','SG','PHI'),(100,20,20,69,3.5,48,2,1.4,'Jakob Poeltl','C','SA'),(101,19,19,64,3.4,60,3,1.1,'Jaylen Brown','SF','BOS'),(102,19,19,64,3.4,31,2,2.1,'Kevin Huerter','SG','SAC'),(103,20,5,65,3.3,29,2,2.2,'Jose Alvarado','PG','NO'),(104,15,15,49,3.3,39,3,1.3,'Wendell Carter Jr.','C','ORL'),(105,19,0,63,3.3,24,1,2.6,'Goran Dragic','PG','CHI'),(106,19,12,62,3.3,34,2,1.8,'De\'Anthony Melton','SG','PHI'),(107,20,20,66,3.3,58,3,1.1,'Julius Randle','PF','NY'),(108,19,19,61,3.2,59,3,1,'Bam Adebayo','C','MIA'),(109,23,23,73,3.2,50,2,1.5,'Kelly Olynyk','PF','UTA'),(110,20,0,64,3.2,25,1,2.6,'Immanuel Quickley','PG','NY'),(111,16,0,51,3.2,22,1,2.3,'Gabe Vincent','PG','MIA'),(112,21,16,68,3.2,16,1,4.3,'Derrick White','SG','BOS'),(113,20,20,61,3.1,46,2,1.3,'R.J. Barrett','SF','NY'),(114,21,21,65,3.1,10,1,6.5,'Kevon Looney','C','GS'),(115,20,20,62,3.1,42,2,1.5,'Nikola Vucevic','C','CHI'),(116,19,19,57,3,31,2,1.8,'Ayo Dosunmu','PG','CHI'),(117,19,19,57,3,46,2,1.2,'Keldon Johnson','SF','SA'),(118,17,2,51,3,29,2,1.8,'Josh Richardson','SG','SA'),(119,14,14,40,2.9,14,1,2.9,'Patrick Beverley','PG','LAL'),(120,15,6,44,2.9,14,1,3.1,'Andrew Nembhard','PG','IND'),(121,23,6,66,2.9,36,2,1.8,'Collin Sexton','SG','UTA'),(122,17,17,47,2.8,24,1,2,'Dillon Brooks','SF','MEM'),(123,19,19,54,2.8,25,1,2.2,'Tobias Harris','PF','PHI'),(124,16,2,45,2.8,6,0,7.5,'Cory Joseph','SG','DET'),(125,21,21,58,2.8,34,2,1.7,'Jarred Vanderbilt','C','UTA'),(126,17,17,46,2.7,36,2,1.3,'Anthony Davis','C','LAL'),(127,17,17,46,2.7,32,2,1.4,'Eric Gordon','SF','HOU'),(128,20,20,54,2.7,43,2,1.3,'Buddy Hield','SG','IND'),(129,17,15,45,2.6,22,1,2,'Grayson Allen','SF','MIL'),(130,16,2,42,2.6,20,1,2.1,'Kyle Anderson','SF','MIN'),(131,21,0,54,2.6,22,1,2.5,'Will Barton','SG','WAS'),(132,19,19,49,2.6,39,2,1.3,'Jerami Grant','PF','POR'),(133,17,17,45,2.6,13,1,3.5,'Al Horford','C','BOS'),(134,20,20,52,2.6,36,2,1.4,'Kristaps Porzingis','C','WAS'),(135,17,6,44,2.6,26,2,1.7,'Jalen Williams','SG','OKC'),(136,21,21,52,2.5,47,2,1.1,'Bojan Bogdanovic','SF','DET'),(137,19,0,48,2.5,14,1,3.4,'George Hill','PG','MIL'),(138,16,1,40,2.5,17,1,2.4,'Kevin Love','PF','CLE'),(139,19,1,48,2.5,24,1,2,'Theo Maledon','PG','CHA'),(140,17,17,43,2.5,45,3,1,'Jusuf Nurkic','C','POR'),(141,21,18,51,2.4,30,1,1.7,'Deni Avdija','SF','WAS'),(142,17,17,41,2.4,23,1,1.8,'Aaron Gordon','PF','DEN'),(143,17,14,41,2.4,40,2,1,'Alperen Sengun','C','HOU'),(144,19,19,43,2.3,24,1,1.8,'Kentavious Caldwell-Pope','SG','DEN'),(145,21,21,48,2.3,47,2,1,'Evan Mobley','PF','CLE'),(146,19,19,43,2.3,27,1,1.6,'Andrew Wiggins','SF','GS'),(147,19,19,41,2.2,44,2,0.9,'Steven Adams','C','MEM'),(148,20,20,44,2.2,53,3,0.8,'OG Anunoby','SF','TOR'),(149,21,21,47,2.2,24,1,2,'Luguentz Dort','SF','OKC'),(150,20,0,44,2.2,11,1,4,'Devonte\' Graham','PG','NO'),(151,23,0,50,2.2,30,1,1.7,'Talen Horton-Tucker','SF','UTA'),(152,23,23,51,2.2,49,2,1,'Lauri Markkanen','SF','UTA'),(153,20,20,44,2.2,23,1,1.9,'Caleb Martin','SF','MIA'),(154,21,3,46,2.2,29,1,1.6,'Jalen McDaniels','PF','CHA'),(155,18,0,40,2.2,26,1,1.5,'Daishen Nix','PG','HOU'),(156,19,5,41,2.2,22,1,1.9,'Bobby Portis','C','MIL'),(157,17,17,37,2.2,30,2,1.2,'Klay Thompson','SG','GS'),(158,18,18,38,2.1,33,2,1.2,'Deandre Ayton','C','PHO'),(159,16,16,34,2.1,19,1,1.8,'Herbert Jones','SG','NO'),(160,19,1,40,2.1,20,1,2,'Davion Mitchell','PG','SAC'),(161,19,7,39,2.1,21,1,1.9,'Austin Reaves','SG','LAL'),(162,17,7,35,2.1,14,1,2.5,'Thaddeus Young','PF','TOR'),(163,18,1,36,2,18,1,2,'Tim Hardaway Jr.','SG','DAL'),(164,19,4,38,2,18,1,2.1,'Naji Marshall','SF','NO'),(165,19,19,38,2,19,1,2,'Marcus Morris','PF','LAC'),(166,21,0,42,2,20,1,2.1,'Jaylen Nowell','SG','MIN'),(167,18,0,36,2,16,1,2.3,'Derrick Rose','PG','NY'),(168,20,20,40,2,31,2,1.3,'Jeremy Sochan','PF','SA'),(169,20,20,40,2,40,2,1,'Jonas Valanciunas','C','NO'),(170,19,19,37,1.9,22,1,1.7,'Harrison Barnes','PF','SAC'),(171,18,4,35,1.9,18,1,1.9,'Tre Mann','PG','OKC'),(172,18,0,35,1.9,17,1,2.1,'Larry Nance Jr.','PF','NO'),(173,17,17,32,1.9,20,1,1.6,'Lonnie Walker IV','SF','LAL'),(174,21,21,40,1.9,39,2,1,'P.J. Washington','PF','CHA'),(175,20,10,38,1.9,17,1,2.2,'Grant Williams','PF','BOS'),(176,21,9,37,1.8,22,1,1.7,'Terance Mann','SF','LAC'),(177,19,12,34,1.8,25,1,1.4,'Max Strus','SG','MIA'),(178,15,5,26,1.7,11,1,2.4,'Aaron Wiggins','SF','OKC'),(179,18,0,30,1.7,19,1,1.6,'R.J. Hampton','PG','ORL'),(180,20,11,34,1.7,11,1,3.1,'Joe Harris','SG','BKN'),(181,21,0,35,1.7,21,1,1.7,'Cedi Osman','SF','CLE'),(182,18,14,30,1.7,24,1,1.3,'Aleksej Pokusevski','PF','OKC'),(183,16,0,27,1.7,12,1,2.3,'Cameron Thomas','SG','BKN'),(184,20,0,32,1.6,41,2,0.8,'Bennedict Mathurin','SG','IND'),(185,17,16,27,1.6,21,1,1.3,'Gary Trent Jr.','SG','TOR'),(186,15,15,24,1.6,25,2,1,'Myles Turner','C','IND'),(187,23,2,35,1.5,21,1,1.7,'Malik Beasley','SG','UTA'),(188,18,17,27,1.5,26,1,1,'Saddiq Bey','SF','DET'),(189,20,12,30,1.5,14,1,2.1,'Torrey Craig','SF','PHO'),(190,19,1,28,1.5,15,1,1.9,'Aaron Holiday','PG','ATL'),(191,19,11,29,1.5,14,1,2.1,'John Konchar','SG','MEM'),(192,20,5,29,1.5,27,1,1.1,'Kenyon Martin Jr.','SF','HOU'),(193,21,5,31,1.5,35,2,0.9,'Norman Powell','SG','LAC'),(194,19,0,26,1.4,18,1,1.4,'James Bouknight','SG','CHA'),(195,18,1,25,1.4,13,1,1.9,'Terence Davis','SF','SAC'),(196,19,19,26,1.4,29,2,0.9,'Jaden McDaniels','SF','MIN'),(197,18,7,26,1.4,9,1,2.9,'Chuma Okeke','PF','ORL'),(198,18,8,25,1.4,24,1,1,'Terrence Ross','SG','ORL'),(199,19,3,27,1.4,8,0,3.4,'Kenrich Williams','SG','OKC'),(200,21,21,30,1.4,48,2,0.6,'Ivica Zubac','C','LAC'),(201,17,17,22,1.3,29,2,0.8,'Jarrett Allen','C','CLE'),(202,21,1,27,1.3,18,1,1.5,'Nicolas Batum','PF','LAC'),(203,20,1,26,1.3,22,1,1.2,'Brandon Clarke','PF','MEM'),(204,21,21,27,1.3,31,2,0.9,'Nicolas Claxton','C','BKN'),(205,18,3,23,1.3,8,0,2.9,'Amir Coffey','SG','LAC'),(206,21,21,28,1.3,30,1,0.9,'John Collins','PF','ATL'),(207,20,0,26,1.3,14,1,1.9,'Damion Lee','SG','PHO'),(208,19,0,25,1.3,20,1,1.3,'Doug McDermott','SF','SA'),(209,16,9,21,1.3,17,1,1.2,'Aaron Nesmith','SF','IND'),(210,16,16,20,1.3,18,1,1.1,'Michael Porter Jr.','SF','DEN'),(211,16,0,21,1.3,11,1,1.9,'Duncan Robinson','SG','MIA'),(212,16,0,20,1.3,7,0,2.9,'Isaiah Roby','C','SA'),(213,18,8,23,1.3,21,1,1.1,'Edmond Sumner','PG','BKN'),(214,19,5,22,1.2,17,1,1.3,'Mo Bamba','C','ORL'),(215,18,1,21,1.2,18,1,1.2,'Usman Garuba','PF','HOU'),(216,16,3,19,1.2,16,1,1.2,'Jeff Green','PF','DEN'),(217,20,20,23,1.2,28,1,0.8,'De\'Andre Hunter','SF','ATL'),(218,18,8,22,1.2,13,1,1.7,'Trey Murphy III','SF','NO'),(219,21,0,25,1.2,16,1,1.6,'Georges Niang','PF','PHI'),(220,17,2,21,1.2,23,1,0.9,'Kendrick Nunn','SG','LAL'),(221,19,1,22,1.2,17,1,1.3,'Jordan Nwora','SG','MIL'),(222,21,21,26,1.2,25,1,1,'Kelly Oubre Jr.','SG','CHA'),(223,18,0,21,1.2,21,1,1,'Taurean Prince','PF','MIN'),(224,19,19,20,1.1,25,1,0.8,'Brook Lopez','C','MIL'),(225,20,0,21,1.1,7,0,3,'Patty Mills','PG','BKN'),(226,17,8,18,1.1,11,1,1.6,'Cam Reddish','SF','NY'),(227,20,20,22,1.1,26,1,0.8,'Jalen Smith','PF','IND'),(228,20,0,21,1.1,17,1,1.2,'Obi Toppin','PF','NY'),(229,16,2,18,1.1,10,1,1.8,'Dalano Banton','PG','TOR'),(230,16,0,18,1.1,10,1,1.8,'Darius Bazley','PF','OKC'),(231,18,18,20,1.1,8,0,2.5,'Reggie Bullock','SF','DAL'),(232,16,0,17,1.1,22,1,0.8,'Rui Hachimura','PF','WAS'),(233,15,0,17,1.1,9,1,1.9,'Maxi Kleber','PF','DAL'),(234,17,0,18,1.1,40,2,0.5,'Christian Wood','C','DAL'),(235,19,15,19,1,11,1,1.7,'Santi Aldama','PF','MEM'),(236,17,15,17,1,17,1,1,'Troy Brown Jr.','SF','LAL'),(237,19,3,19,1,19,1,1,'Isaiah Jackson','C','IND'),(238,16,3,16,1,22,1,0.7,'DeAndre Jordan','C','DEN'),(239,16,0,16,1,15,1,1.1,'Jake LaRavia','SF','MEM'),(240,17,15,17,1,27,2,0.6,'Keegan Murray','PF','SAC'),(241,20,2,20,1,16,1,1.3,'Onyeka Okongwu','C','ATL'),(242,20,13,19,1,11,1,1.7,'Jeremiah Robinson-Earl','C','OKC'),(243,21,21,20,1,22,1,0.9,'P.J. Tucker','PF','PHI'),(244,15,7,15,1,5,0,3,'Dean Wade','PF','CLE'),(245,16,2,15,0.9,18,1,0.8,'Bismack Biyombo','C','PHO'),(246,21,16,19,0.9,42,2,0.5,'Bol Bol','PF','ORL'),(247,20,0,17,0.9,18,1,0.9,'Tari Eason','F','HOU'),(248,19,19,18,0.9,19,1,0.9,'Dorian Finney-Smith','SF','DAL'),(249,19,19,17,0.9,28,2,0.6,'Rudy Gobert','C','MIN'),(250,20,0,17,0.9,12,1,1.4,'Javonte Green','PF','CHI'),(251,18,0,17,0.9,10,1,1.7,'Justin Holiday','SF','ATL'),(252,16,0,15,0.9,8,1,1.9,'Luke Kornet','C','BOS'),(253,20,0,18,0.9,13,1,1.4,'Nassir Little','SF','POR'),(254,20,20,17,0.9,32,2,0.5,'Patrick Williams','PF','CHI'),(255,19,0,15,0.8,6,0,2.5,'Christian Braun','SG','DEN'),(256,19,19,15,0.8,18,1,0.8,'Clint Capela','C','ATL'),(257,22,0,18,0.8,20,1,0.9,'Hamidou Diallo','SF','DET'),(258,14,0,11,0.8,19,1,0.6,'Andre Drummond','C','CHI'),(259,19,3,15,0.8,17,1,0.9,'Drew Eubanks','C','POR'),(260,18,0,14,0.8,20,1,0.7,'JaMychal Green','C','GS'),(261,19,1,16,0.8,13,1,1.2,'Josh Green','SG','DAL'),(262,20,7,16,0.8,18,1,0.9,'Isaiah Hartenstein','C','NY'),(263,19,2,15,0.8,11,1,1.4,'Danuel House Jr.','SF','PHI'),(264,16,1,13,0.8,5,0,2.6,'Caleb Houstan','SG','ORL'),(265,15,0,12,0.8,5,0,2.4,'Isaiah Joe','SG','OKC'),(266,17,2,14,0.8,22,1,0.6,'Jonathan Kuminga','PF','GS'),(267,17,0,13,0.8,12,1,1.1,'Jock Landale','C','PHO'),(268,16,0,12,0.8,17,1,0.7,'Trey Lyles','C','SAC'),(269,19,19,15,0.8,21,1,0.7,'Jabari Smith','PF','HOU'),(270,19,5,14,0.7,15,1,0.9,'Keita Bates-Diop','SF','SA'),(271,18,0,12,0.7,11,1,1.1,'Dewayne Dedmon','C','MIA'),(272,17,2,12,0.7,13,1,0.9,'Wenyen Gabriel','PF','LAL'),(273,17,1,12,0.7,12,1,1,'AJ Griffin','SF','ATL'),(274,21,0,15,0.7,7,0,2.1,'Sam Hauser','SF','BOS'),(275,20,0,14,0.7,9,1,1.6,'Jalen Johnson','SF','ATL'),(276,20,0,13,0.7,13,1,1,'Walker Kessler','C','UTA'),(277,15,0,10,0.7,10,1,1,'Chimezie Metu','PF','SAC'),(278,21,0,15,0.7,20,1,0.8,'Nick Richards','C','CHA');
/*!40000 ALTER TABLE `assists_turnovers` ENABLE KEYS */;
UNLOCK TABLES;

--
-- Table structure for table `blocks`
--

DROP TABLE IF EXISTS `blocks`;
/*!40101 SET @saved_cs_client     = @@character_set_client */;
/*!50503 SET character_set_client = utf8mb4 */;
CREATE TABLE `blocks` (
  `player_id` int NOT NULL,
  `games_played` int DEFAULT NULL,
  `games_started` int DEFAULT NULL,
  `blocks` int DEFAULT NULL,
  `blocks_per_game` float DEFAULT NULL,
  `player_name` varchar(30) DEFAULT NULL,
  `player_primary_position` varchar(3) DEFAULT NULL,
  `team_id` varchar(3) DEFAULT NULL,
  PRIMARY KEY (`player_id`)
) ENGINE=InnoDB DEFAULT CHARSET=utf8mb4 COLLATE=utf8mb4_0900_ai_ci;
/*!40101 SET character_set_client = @saved_cs_client */;

--
-- Dumping data for table `blocks`
--

LOCK TABLES `blocks` WRITE;
/*!40000 ALTER TABLE `blocks` DISABLE KEYS */;
INSERT INTO `blocks` VALUES (29,19,19,55,2.89,'Brook Lopez','C','MIL'),(30,15,15,39,2.6,'Myles Turner','C','IND'),(31,17,17,39,2.29,'Anthony Davis','C','LAL'),(32,21,21,45,2.14,'Nicolas Claxton','C','BKN'),(33,21,16,42,2,'Bol Bol','PF','ORL'),(34,21,21,39,1.86,'Ivica Zubac','C','LAC'),(35,22,22,39,1.77,'Kevin Durant','PF','BKN'),(36,18,14,30,1.67,'Aleksej Pokusevski','PF','OKC'),(37,16,2,26,1.63,'Bismack Biyombo','C','PHO'),(38,20,20,31,1.55,'Kristaps Porzingis','C','WAS'),(39,19,19,29,1.53,'Clint Capela','C','ATL'),(40,20,0,30,1.5,'Walker Kessler','C','UTA'),(41,21,21,30,1.43,'John Collins','PF','ATL'),(42,21,21,29,1.38,'Evan Mobley','PF','CLE'),(43,19,19,26,1.37,'Rudy Gobert','C','MIN'),(44,19,19,26,1.37,'Jaden McDaniels','SF','MIN'),(45,16,0,21,1.31,'Darius Bazley','PF','OKC'),(46,17,17,21,1.24,'Jarrett Allen','C','CLE'),(47,19,3,23,1.21,'Isaiah Jackson','C','IND'),(48,20,20,24,1.2,'Shai Gilgeous-Alexander','SG','OKC'),(49,20,9,24,1.2,'Christian Koloko','C','TOR'),(50,20,20,24,1.2,'Jayson Tatum','PF','BOS'),(51,16,0,18,1.13,'Luke Kornet','C','BOS'),(52,20,7,22,1.1,'Isaiah Hartenstein','C','NY'),(53,14,2,15,1.07,'Jericho Sims','C','NY'),(54,17,14,18,1.06,'Alperen Sengun','C','HOU'),(55,20,20,21,1.05,'Mikal Bridges','SF','PHO'),(56,16,16,16,1,'Giannis Antetokounmpo','PF','MIL'),(57,19,3,19,1,'Drew Eubanks','C','POR'),(58,17,17,17,1,'Al Horford','C','BOS'),(59,20,20,20,1,'Jakob Poeltl','C','SA'),(60,19,19,19,1,'Jabari Smith','PF','HOU'),(61,20,20,20,1,'Patrick Williams','PF','CHI'),(62,19,19,18,0.95,'Steven Adams','C','MEM'),(63,19,15,18,0.95,'Santi Aldama','PF','MEM'),(64,20,20,19,0.95,'OG Anunoby','SF','TOR'),(65,20,1,19,0.95,'Brandon Clarke','PF','MEM'),(66,19,0,18,0.95,'Jalen Duren','C','DET'),(67,17,16,16,0.94,'Scottie Barnes','PF','TOR'),(68,17,17,16,0.94,'Aaron Gordon','PF','DEN'),(69,21,0,19,0.9,'Daniel Gafford','C','WAS'),(70,21,21,19,0.9,'P.J. Washington','PF','CHA'),(71,19,19,17,0.89,'Jerami Grant','PF','POR'),(72,16,16,14,0.88,'Herbert Jones','SG','NO'),(73,21,0,18,0.86,'Nick Richards','C','CHA'),(74,20,2,17,0.85,'Onyeka Okongwu','C','ATL'),(75,20,20,17,0.85,'Jalen Smith','PF','IND'),(76,19,19,16,0.84,'Bam Adebayo','C','MIA'),(77,16,0,13,0.81,'Chris Boucher','C','TOR'),(78,20,5,16,0.8,'Alex Caruso','SG','CHI'),(79,20,12,16,0.8,'Torrey Craig','SF','PHO'),(80,19,5,15,0.79,'Mo Bamba','C','ORL'),(81,19,19,15,0.79,'Andrew Wiggins','SF','GS'),(82,18,0,14,0.78,'Larry Nance Jr.','PF','NO'),(83,21,1,16,0.76,'Nicolas Batum','PF','LAC'),(84,17,0,13,0.76,'Jock Landale','C','PHO'),(85,16,2,12,0.75,'Kyle Anderson','SF','MIN'),(86,20,20,15,0.75,'Nikola Vucevic','C','CHI'),(87,23,23,17,0.74,'Lauri Markkanen','SF','UTA'),(88,15,15,11,0.73,'Bradley Beal','SG','WAS'),(89,15,0,11,0.73,'Derrick Jones Jr.','SF','CHI'),(90,18,18,13,0.72,'Deandre Ayton','C','PHO'),(91,18,1,13,0.72,'Usman Garuba','PF','HOU'),(92,21,18,15,0.71,'Deni Avdija','SF','WAS'),(93,17,17,12,0.71,'Jusuf Nurkic','C','POR'),(94,17,12,12,0.71,'Ben Simmons','PG','BKN'),(95,21,16,15,0.71,'Derrick White','SG','BOS'),(96,20,0,14,0.7,'Javonte Green','PF','CHI'),(97,23,23,16,0.7,'Kelly Olynyk','PF','UTA'),(98,19,19,13,0.68,'Draymond Green','PF','GS'),(99,22,22,15,0.68,'Royce O\'Neale','PF','BKN'),(100,15,15,10,0.67,'Brandon Ingram','SF','NO'),(101,15,0,10,0.67,'Maxi Kleber','PF','DAL'),(102,21,21,14,0.67,'Kyle Lowry','PG','MIA'),(103,18,0,12,0.67,'Paul Reed','SF','PHI'),(104,15,11,10,0.67,'Dennis Smith Jr.','PG','CHA'),(105,21,21,14,0.67,'Karl-Anthony Towns','PF','MIN'),(106,17,15,11,0.65,'Keegan Murray','PF','SAC'),(107,16,2,10,0.63,'Dalano Banton','PG','TOR'),(108,19,19,12,0.63,'Jevon Carter','PG','MIL'),(109,16,3,10,0.63,'DeAndre Jordan','C','DEN'),(110,21,21,13,0.62,'D\'Angelo Russell','PG','MIN'),(111,20,5,12,0.6,'Isaiah Livers','SF','DET'),(112,17,17,10,0.59,'Nikola Jokic','C','DEN'),(113,17,17,10,0.59,'CJ McCollum','PG','NO'),(114,19,19,11,0.58,'Dorian Finney-Smith','SF','DAL'),(115,21,3,12,0.57,'Jalen McDaniels','PF','CHA'),(116,21,21,12,0.57,'Mason Plumlee','C','CHA'),(117,16,9,9,0.56,'Aaron Nesmith','SF','IND'),(118,20,8,11,0.55,'Bruce Brown','SF','DEN'),(119,15,15,8,0.53,'Wendell Carter Jr.','C','ORL'),(120,17,2,9,0.53,'Wenyen Gabriel','PF','LAL'),(121,15,7,8,0.53,'JaVale McGee','C','DAL'),(122,15,0,8,0.53,'Naz Reid','C','MIN'),(123,17,0,9,0.53,'Christian Wood','C','DAL'),(124,21,21,11,0.52,'Kevon Looney','C','GS'),(125,20,20,10,0.5,'Devin Booker','SG','PHO'),(126,18,7,9,0.5,'Chuma Okeke','PF','ORL'),(127,20,20,10,0.5,'Jeremy Sochan','PF','SA'),(128,14,14,7,0.5,'Fred VanVleet','PG','TOR'),(129,18,18,9,0.5,'Luka Doncic','PG','DAL'),(130,18,18,9,0.5,'De\'Aaron Fox','PG','SAC'),(131,16,0,8,0.5,'Rui Hachimura','PF','WAS'),(132,20,5,10,0.5,'Kenyon Martin Jr.','SF','HOU'),(133,20,13,10,0.5,'Jeremiah Robinson-Earl','C','OKC'),(134,19,19,9,0.47,'Ayo Dosunmu','PG','CHI'),(135,19,19,9,0.47,'Tobias Harris','PF','PHI'),(136,15,14,7,0.47,'Jrue Holiday','PG','MIL'),(137,19,19,9,0.47,'Kevin Huerter','SG','SAC'),(138,17,2,8,0.47,'Jonathan Kuminga','PF','GS'),(139,19,12,9,0.47,'De\'Anthony Melton','SG','PHI'),(140,19,19,9,0.47,'Kevin Porter','PG','HOU'),(141,17,8,8,0.47,'Cam Reddish','SF','NY'),(142,19,19,9,0.47,'Domantas Sabonis','C','SAC'),(143,15,15,7,0.47,'Zion Williamson','PF','NO'),(144,17,7,8,0.47,'Justise Winslow','SF','POR'),(145,22,9,10,0.45,'Killian Hayes','PG','DET'),(146,20,20,9,0.45,'Caleb Martin','SF','MIA'),(147,20,10,9,0.45,'Grant Williams','PF','BOS'),(148,18,0,8,0.44,'Dewayne Dedmon','C','MIA'),(149,16,16,7,0.44,'Paul George','SF','LAC'),(150,18,18,8,0.44,'Josh Giddey','PG','OKC'),(151,18,0,8,0.44,'JaMychal Green','C','GS'),(152,18,5,8,0.44,'Montrezl Harrell','C','PHI'),(153,16,0,7,0.44,'Trey Lyles','C','SAC'),(154,18,8,8,0.44,'Trey Murphy III','SF','NO'),(155,16,14,7,0.44,'Devin Vassell','SG','SA'),(156,18,3,8,0.44,'Russell Westbrook','PG','LAL'),(157,14,14,6,0.43,'Patrick Beverley','PG','LAL'),(158,14,0,6,0.43,'Serge Ibaka','PF','MIL'),(159,19,19,8,0.42,'Kentavious Caldwell-Pope','SG','DEN'),(160,17,17,7,0.41,'Eric Gordon','SF','HOU'),(161,17,17,7,0.41,'Lonnie Walker IV','SF','LAL'),(162,20,20,8,0.4,'DeMar DeRozan','SF','CHI'),(163,20,0,8,0.4,'Tari Eason','F','HOU'),(164,20,20,8,0.4,'Buddy Hield','SG','IND'),(165,20,20,8,0.4,'Kyle Kuzma','PF','WAS'),(166,15,1,6,0.4,'Noah Vonleh','C','BOS'),(167,23,23,9,0.39,'Jordan Clarkson','PG','UTA'),(168,23,0,9,0.39,'Talen Horton-Tucker','SF','UTA'),(169,16,16,6,0.38,'Michael Porter Jr.','SF','DEN'),(170,16,12,6,0.38,'Dwight Powell','C','DAL'),(171,19,11,7,0.37,'John Konchar','SG','MEM'),(172,19,19,7,0.37,'Donovan Mitchell','SG','CLE'),(173,19,5,7,0.37,'Bobby Portis','C','MIL'),(174,14,0,5,0.36,'Andre Drummond','C','CHI'),(175,17,17,6,0.35,'Klay Thompson','SG','GS'),(176,17,6,6,0.35,'Jalen Williams','SG','OKC'),(177,21,21,7,0.33,'P.J. Tucker','PF','PHI'),(178,15,7,5,0.33,'Dean Wade','PF','CLE'),(179,21,21,7,0.33,'Dejounte Murray','PG','ATL'),(180,21,0,7,0.33,'Georges Niang','PF','PHI'),(181,21,4,7,0.33,'Jordan Poole','SG','GS'),(182,21,5,7,0.33,'Norman Powell','SG','LAC'),(183,19,19,6,0.32,'Jaylen Brown','SF','BOS'),(184,19,19,6,0.32,'Jaden Ivey','SG','DET'),(185,19,7,6,0.32,'Austin Reaves','SG','LAL'),(186,19,19,6,0.32,'Marcus Smart','PG','BOS'),(187,19,12,6,0.32,'Max Strus','SG','MIA'),(188,16,0,5,0.31,'Isaiah Roby','C','SA'),(189,20,20,6,0.3,'Tyrese Haliburton','PG','IND'),(190,20,11,6,0.3,'Joe Harris','SG','BKN'),(191,20,0,6,0.3,'Jalen Johnson','SF','ATL'),(192,20,20,6,0.3,'Jonas Valanciunas','C','NO'),(193,17,15,5,0.29,'Grayson Allen','SF','MIL'),(194,21,0,6,0.29,'Will Barton','SG','WAS'),(195,17,17,5,0.29,'Mike Conley','PG','UTA'),(196,21,21,6,0.29,'Luguentz Dort','SF','OKC'),(197,21,21,6,0.29,'Anthony Edwards','SG','MIN'),(198,21,0,6,0.29,'Sam Hauser','SF','BOS'),(199,17,17,5,0.29,'Ja Morant','PG','MEM'),(200,17,0,5,0.29,'Josh Okogie','SF','PHO'),(201,21,21,6,0.29,'Kelly Oubre Jr.','SG','CHA'),(202,17,3,5,0.29,'Matisse Thybulle','SF','PHI'),(203,21,21,6,0.29,'Jarred Vanderbilt','C','UTA'),(204,21,21,6,0.29,'Franz Wagner','G','ORL'),(205,18,0,5,0.28,'Justin Holiday','SF','ATL'),(206,18,1,5,0.28,'Moses Moody','SF','GS'),(207,18,0,5,0.28,'Derrick Rose','PG','NY'),(208,18,8,5,0.28,'Edmond Sumner','PG','BKN'),(209,15,15,4,0.27,'Darius Garland','PG','CLE'),(210,15,15,4,0.27,'Tyrese Maxey','PG','PHI'),(211,15,5,4,0.27,'Aaron Wiggins','SF','OKC'),(212,19,2,5,0.26,'Danuel House Jr.','SF','PHI'),(213,19,0,5,0.26,'T.J. McConnell','PG','IND'),(214,19,19,5,0.26,'Marcus Morris','PF','LAC'),(215,19,5,5,0.26,'Shaedon Sharpe','SG','POR'),(216,20,0,5,0.25,'Devonte\' Graham','PG','NO'),(217,20,20,5,0.25,'Jalen Green','SG','HOU'),(218,16,0,4,0.25,'Wesley Matthews','SG','MIL'),(219,20,0,5,0.25,'David Roddy','SF','MEM'),(220,20,0,5,0.25,'Obi Toppin','PF','NY'),(221,17,0,4,0.24,'Malcolm Brogdon','PG','BOS'),(222,17,4,4,0.24,'Anthony Gill','PF','WAS'),(223,17,0,4,0.24,'John Wall','PG','LAC'),(224,18,17,4,0.22,'Saddiq Bey','SF','DET'),(225,18,0,4,0.22,'R.J. Hampton','PG','ORL'),(226,18,18,4,0.22,'Monte Morris','PG','WAS'),(227,18,10,4,0.22,'Cameron Payne','PG','PHO'),(228,18,8,4,0.22,'Terrence Ross','SG','ORL'),(229,18,0,4,0.22,'Taurean Prince','PF','MIN'),(230,19,0,4,0.21,'James Bouknight','SG','CHA'),(231,19,19,4,0.21,'Stephen Curry','PG','GS'),(232,19,0,4,0.21,'Goran Dragic','PG','CHI'),(233,19,1,4,0.21,'Theo Maledon','PG','CHA'),(234,19,0,4,0.21,'Malik Monk','SG','SAC'),(235,19,3,4,0.21,'Kenrich Williams','SG','OKC'),(236,20,5,4,0.2,'Jose Alvarado','PG','NO'),(237,15,6,3,0.2,'Andrew Nembhard','PG','IND'),(238,20,20,4,0.2,'Julius Randle','PF','NY'),(239,16,3,3,0.19,'Jeff Green','PF','DEN'),(240,16,0,3,0.19,'Jake LaRavia','SF','MEM'),(241,16,1,3,0.19,'Kevin Love','PF','CLE'),(242,21,9,4,0.19,'Terance Mann','SF','LAC'),(243,16,16,3,0.19,'Jamal Murray','PG','DEN'),(244,22,0,4,0.18,'Hamidou Diallo','SF','DET'),(245,17,6,3,0.18,'Shake Milton','SG','PHI'),(246,17,16,3,0.18,'Gary Trent Jr.','SG','TOR'),(247,23,2,4,0.17,'Malik Beasley','SG','UTA'),(248,18,1,3,0.17,'Terence Davis','SF','SAC'),(249,18,1,3,0.17,'Tim Hardaway Jr.','SG','DAL'),(250,18,0,3,0.17,'Daishen Nix','PG','HOU'),(251,18,18,3,0.17,'Anfernee Simons','SG','POR'),(252,19,19,3,0.16,'Harrison Barnes','PF','SAC'),(253,19,5,3,0.16,'Keita Bates-Diop','SF','SA'),(254,19,0,3,0.16,'Christian Braun','SG','DEN'),(255,19,19,3,0.16,'Spencer Dinwiddie','PG','DAL'),(256,19,0,3,0.16,'George Hill','PG','MIL'),(257,19,1,3,0.16,'Aaron Holiday','PG','ATL'),(258,19,4,3,0.16,'Naji Marshall','SF','NO'),(259,19,0,3,0.16,'Doug McDermott','SF','SA'),(260,19,1,3,0.16,'Jordan Nwora','SG','MIL'),(261,20,20,3,0.15,'Jalen Brunson','PG','NY'),(262,20,20,3,0.15,'Josh Hart','SF','POR'),(263,20,20,3,0.15,'De\'Andre Hunter','SF','ATL'),(264,20,20,3,0.15,'Tre Jones','PG','SA'),(265,20,0,3,0.15,'Nassir Little','SF','POR'),(266,20,0,3,0.15,'Immanuel Quickley','PG','NY'),(267,20,20,3,0.15,'Trae Young','PG','ATL'),(268,21,4,3,0.14,'Isaac Okoro','SG','CLE'),(269,21,0,3,0.14,'Cedi Osman','SF','CLE'),(270,15,6,2,0.13,'MarJon Beauchamp','SG','MIL'),(271,15,0,2,0.13,'Oshae Brissett','SF','IND'),(272,15,1,2,0.13,'Robin Lopez','C','CLE'),(273,15,0,2,0.13,'Chimezie Metu','PF','SAC'),(274,16,0,2,0.13,'Cameron Thomas','SG','BKN'),(275,16,0,2,0.13,'Gabe Vincent','PG','MIA'),(276,17,17,2,0.12,'Dillon Brooks','SF','MEM'),(277,17,14,2,0.12,'Caris LeVert','SF','CLE'),(278,17,7,2,0.12,'Thaddeus Young','PF','TOR');
/*!40000 ALTER TABLE `blocks` ENABLE KEYS */;
UNLOCK TABLES;

--
-- Table structure for table `fouls_minutes`
--

DROP TABLE IF EXISTS `fouls_minutes`;
/*!40101 SET @saved_cs_client     = @@character_set_client */;
/*!50503 SET character_set_client = utf8mb4 */;
CREATE TABLE `fouls_minutes` (
  `player_id` int NOT NULL,
  `games_played` int DEFAULT NULL,
  `games_started` int DEFAULT NULL,
  `minutes_per_game` int DEFAULT NULL,
  `personal_fouls` int DEFAULT NULL,
  `personal_fouls_per_game` float DEFAULT NULL,
  `flagrant_fouls` int DEFAULT NULL,
  `technical_fouls` int DEFAULT NULL,
  `ejections` int DEFAULT NULL,
  `disqualifications` int DEFAULT NULL,
  `player_name` varchar(30) DEFAULT NULL,
  `player_primary_position` varchar(3) DEFAULT NULL,
  `team_id` varchar(3) DEFAULT NULL,
  PRIMARY KEY (`player_id`)
) ENGINE=InnoDB DEFAULT CHARSET=utf8mb4 COLLATE=utf8mb4_0900_ai_ci;
/*!40101 SET character_set_client = @saved_cs_client */;

--
-- Dumping data for table `fouls_minutes`
--

LOCK TABLES `fouls_minutes` WRITE;
/*!40000 ALTER TABLE `fouls_minutes` DISABLE KEYS */;
INSERT INTO `fouls_minutes` VALUES (29,18,18,37,53,2.9,0,5,0,1,'Luka Doncic','PG','DAL'),(30,14,14,37,36,2.6,0,2,0,0,'Fred VanVleet','PG','TOR'),(31,20,20,37,42,2.1,0,0,0,0,'Mikal Bridges','SF','PHO'),(32,13,13,37,25,1.9,1,0,0,0,'Terry Rozier','SG','CHA'),(33,20,20,37,52,2.6,1,4,0,1,'Devin Booker','SG','PHO'),(34,19,19,37,47,2.5,0,0,0,0,'Donovan Mitchell','SG','CLE'),(35,9,9,37,18,2,0,1,0,0,'James Harden','PG','PHI'),(36,21,21,37,36,1.7,0,1,0,0,'Dejounte Murray','PG','ATL'),(37,22,22,37,58,2.6,1,8,0,0,'Kevin Durant','PF','BKN'),(38,20,20,37,61,3.1,1,0,0,0,'OG Anunoby','SF','TOR'),(39,15,15,37,32,2.1,0,0,0,0,'Bradley Beal','SG','WAS'),(40,18,18,37,38,2.1,0,0,0,0,'Anfernee Simons','SG','POR'),(41,20,20,37,42,2.1,0,3,0,0,'Jayson Tatum','PF','BOS'),(42,21,21,36,58,2.8,0,4,0,0,'Anthony Edwards','SG','MIN'),(43,19,19,36,40,2.1,0,0,0,0,'Jerami Grant','PF','POR'),(44,14,14,36,42,3,0,2,0,0,'Kyrie Irving','PG','BKN'),(45,15,15,36,35,2.3,0,0,0,0,'Tyrese Maxey','PG','PHI'),(46,21,21,36,60,2.9,0,2,0,0,'Kyle Lowry','PG','MIA'),(47,15,15,36,35,2.3,0,2,0,0,'Darius Garland','PG','CLE'),(48,20,20,36,50,2.5,0,1,0,0,'Shai Gilgeous-Alexander','SG','OKC'),(49,20,20,36,58,2.9,0,2,0,1,'Josh Hart','SF','POR'),(50,13,13,36,21,1.6,0,0,0,0,'Jimmy Butler','SF','MIA'),(51,22,22,36,70,3.2,0,0,0,0,'Royce O\'Neale','PF','BKN'),(52,13,13,36,26,2,0,0,0,0,'LeBron James','SF','LAL'),(53,19,19,35,54,2.8,0,1,0,0,'Jaylen Brown','SF','BOS'),(54,13,13,35,41,3.2,1,0,0,0,'Joel Embiid','C','PHI'),(55,20,20,35,29,1.5,0,3,0,0,'Trae Young','PG','ATL'),(56,11,11,35,18,1.6,0,1,0,0,'Damian Lillard','PG','POR'),(57,17,17,35,31,1.8,0,2,0,0,'CJ McCollum','PG','NO'),(58,10,10,35,32,3.2,0,0,0,1,'Pascal Siakam','C','TOR'),(59,20,20,35,53,2.7,0,4,1,0,'DeMar DeRozan','SF','CHI'),(60,14,14,35,33,2.4,1,0,0,0,'Paolo Banchero','PF','ORL'),(61,20,20,35,44,2.2,0,0,0,0,'R.J. Barrett','SF','NY'),(62,19,19,35,65,3.4,0,1,0,1,'Bam Adebayo','C','MIA'),(63,19,19,35,52,2.7,0,5,1,0,'Kevin Porter','PG','HOU'),(64,19,19,35,38,2,0,3,0,0,'Stephen Curry','PG','GS'),(65,17,17,35,51,3,0,1,0,0,'Anthony Davis','C','LAL'),(66,20,20,34,51,2.6,0,1,0,0,'Kyle Kuzma','PF','WAS'),(67,16,16,34,43,2.7,0,3,0,0,'Paul George','SF','LAC'),(68,20,20,34,37,1.9,0,2,0,1,'Jalen Green','SG','HOU'),(69,21,21,34,57,2.7,0,0,0,1,'Evan Mobley','PF','CLE'),(70,16,16,34,41,2.6,1,0,0,0,'Zach LaVine','SG','CHI'),(71,19,12,34,44,2.3,1,1,0,0,'Max Strus','SG','MIA'),(72,19,19,34,41,2.2,0,0,0,0,'Tobias Harris','PF','PHI'),(73,20,20,34,22,1.1,0,0,0,0,'Tyrese Haliburton','PG','IND'),(74,21,21,34,82,3.9,0,4,0,3,'Karl-Anthony Towns','PF','MIN'),(75,23,23,34,47,2,0,0,0,0,'Lauri Markkanen','SF','UTA'),(76,12,12,34,29,2.4,0,0,0,0,'Desmond Bane','SG','MEM'),(77,19,19,34,36,1.9,0,0,0,0,'Dorian Finney-Smith','SF','DAL'),(78,12,12,33,34,2.8,0,0,0,0,'Cade Cunningham','SG','DET'),(79,21,21,33,56,2.7,0,1,0,0,'Franz Wagner','G','ORL'),(80,20,20,33,51,2.6,0,0,0,0,'Jalen Brunson','PG','NY'),(81,19,19,33,59,3.1,0,0,0,0,'Andrew Wiggins','SF','GS'),(82,17,16,33,25,1.5,0,1,0,0,'Scottie Barnes','PF','TOR'),(83,20,20,33,69,3.5,1,2,0,1,'Julius Randle','PF','NY'),(84,15,15,33,48,3.2,0,2,0,2,'Wendell Carter Jr.','C','ORL'),(85,20,20,33,40,2,0,2,1,0,'Caleb Martin','SF','MIA'),(86,17,17,33,31,1.8,0,3,0,0,'Ja Morant','PG','MEM'),(87,3,3,33,8,2.7,0,0,0,0,'LaMelo Ball','PG','CHA'),(88,16,16,33,53,3.3,0,0,0,1,'Giannis Antetokounmpo','PF','MIL'),(89,19,19,33,72,3.8,0,0,0,3,'Domantas Sabonis','C','SAC'),(90,19,19,33,44,2.3,0,2,0,0,'Spencer Dinwiddie','PG','DAL'),(91,13,13,33,23,1.8,0,1,0,0,'Tyler Herro','PG','MIA'),(92,11,11,32,10,0.9,0,0,0,0,'Gordon Hayward','SF','CHA'),(93,19,19,32,59,3.1,1,2,0,0,'Marcus Smart','PG','BOS'),(94,21,21,32,70,3.3,0,2,0,2,'John Collins','PF','ATL'),(95,19,19,32,46,2.4,0,2,0,0,'Kevin Huerter','SG','SAC'),(96,16,14,32,25,1.6,0,0,0,0,'Devin Vassell','SG','SA'),(97,21,21,32,40,1.9,0,5,0,0,'Bojan Bogdanovic','SF','DET'),(98,18,18,32,49,2.7,0,2,0,0,'De\'Aaron Fox','PG','SAC'),(99,20,20,32,62,3.1,1,0,0,1,'De\'Andre Hunter','SF','ATL'),(100,15,15,32,33,2.2,0,0,0,1,'Brandon Ingram','SF','NO'),(101,17,14,32,40,2.4,0,1,0,0,'Caris LeVert','SF','CLE'),(102,17,17,32,38,2.2,1,0,0,0,'Jarrett Allen','C','CLE'),(103,23,23,32,40,1.7,0,0,0,0,'Jordan Clarkson','PG','UTA'),(104,17,17,32,48,2.8,0,0,0,0,'Nikola Jokic','C','DEN'),(105,20,20,32,67,3.4,0,2,0,1,'Kristaps Porzingis','C','WAS'),(106,19,19,32,33,1.7,0,1,0,1,'Keldon Johnson','SF','SA'),(107,20,20,32,41,2.1,0,3,0,0,'Nikola Vucevic','C','CHI'),(108,21,21,32,57,2.7,0,0,0,0,'P.J. Washington','PF','CHA'),(109,19,19,32,58,3.1,0,0,0,0,'Rudy Gobert','C','MIN'),(110,19,19,32,56,2.9,1,0,0,1,'Jaden Ivey','SG','DET'),(111,15,14,32,27,1.8,0,0,0,0,'Jrue Holiday','PG','MIL'),(112,19,19,32,38,2,1,3,0,0,'Kentavious Caldwell-Pope','SG','DEN'),(113,20,20,32,44,2.2,0,1,0,0,'Buddy Hield','SG','IND'),(114,17,17,32,31,1.8,0,0,0,0,'Lonnie Walker IV','SF','LAL'),(115,21,21,31,66,3.1,1,4,0,1,'Kelly Oubre Jr.','SG','CHA'),(116,17,16,31,24,1.4,0,0,0,0,'Gary Trent Jr.','SG','TOR'),(117,15,15,31,38,2.5,1,1,0,0,'Zion Williamson','PF','NO'),(118,18,17,31,31,1.7,0,1,0,0,'Saddiq Bey','SF','DET'),(119,17,17,31,33,1.9,1,0,0,0,'Al Horford','C','BOS'),(120,21,21,31,40,1.9,0,1,0,0,'D\'Angelo Russell','PG','MIN'),(121,19,19,31,43,2.3,0,0,0,0,'Brook Lopez','C','MIL'),(122,21,21,31,65,3.1,0,0,0,1,'Ivica Zubac','C','LAC'),(123,19,19,31,26,1.4,0,0,0,0,'Harrison Barnes','PF','SAC'),(124,17,17,31,55,3.2,0,4,0,2,'Dillon Brooks','SF','MEM'),(125,4,3,31,14,3.5,0,0,0,0,'Cole Anthony','PG','ORL'),(126,19,19,31,65,3.4,0,6,0,3,'Draymond Green','PF','GS'),(127,19,19,31,45,2.4,0,3,0,0,'Marcus Morris','PF','LAC'),(128,18,18,30,42,2.3,0,0,0,0,'Josh Giddey','PG','OKC'),(129,21,21,30,71,3.4,0,0,0,0,'Luguentz Dort','SF','OKC'),(130,17,17,30,13,0.8,0,0,0,0,'Eric Gordon','SF','HOU'),(131,10,10,30,23,2.3,0,2,0,0,'Chris Paul','PG','PHO'),(132,20,20,30,40,2,0,0,0,0,'Tre Jones','PG','SA'),(133,19,19,30,64,3.4,0,2,0,0,'Jabari Smith','PF','HOU'),(134,19,19,30,70,3.7,2,1,0,4,'Jaden McDaniels','SF','MIN'),(135,17,17,30,31,1.8,0,2,1,0,'Klay Thompson','SG','GS'),(136,16,16,29,18,1.1,0,1,0,0,'Jamal Murray','PG','DEN'),(137,18,18,29,54,3,0,2,0,0,'Deandre Ayton','C','PHO'),(138,20,8,29,45,2.3,0,1,0,0,'Bruce Brown','SF','DEN'),(139,17,17,29,35,2.1,0,0,0,0,'Mike Conley','PG','UTA'),(140,19,19,29,52,2.7,0,0,0,0,'Ayo Dosunmu','PG','CHI'),(141,21,21,29,39,1.9,0,0,0,0,'Reggie Jackson','PG','LAC'),(142,16,16,29,42,2.6,1,0,0,0,'Michael Porter Jr.','SF','DEN'),(143,15,15,29,50,3.3,0,0,0,0,'Myles Turner','C','IND'),(144,17,17,29,57,3.4,0,1,0,0,'Jusuf Nurkic','C','POR'),(145,14,13,29,44,3.1,0,0,0,2,'Jalen Suggs','SG','ORL'),(146,18,18,29,46,2.6,0,0,0,0,'Reggie Bullock','SF','DAL'),(147,17,15,29,36,2.1,1,0,0,0,'Keegan Murray','PF','SAC'),(148,21,21,29,53,2.5,0,1,0,0,'P.J. Tucker','PF','PHI'),(149,16,16,29,55,3.4,0,1,0,1,'Herbert Jones','SG','NO'),(150,17,17,29,31,1.8,1,2,0,0,'Aaron Gordon','PF','DEN'),(151,19,7,29,29,1.5,0,0,0,0,'Austin Reaves','SG','LAL'),(152,23,23,28,92,4,2,1,0,3,'Kelly Olynyk','PF','UTA'),(153,18,3,28,44,2.4,0,2,0,0,'Russell Westbrook','PG','LAL'),(154,20,10,28,56,2.8,0,2,1,0,'Grant Williams','PF','BOS'),(155,20,0,28,38,1.9,0,2,0,0,'Bennedict Mathurin','SG','IND'),(156,19,12,28,38,2,0,1,0,0,'De\'Anthony Melton','SG','PHI'),(157,17,12,28,64,3.8,0,2,0,4,'Ben Simmons','PG','BKN'),(158,17,7,28,53,3.1,0,1,0,0,'Justise Winslow','SF','POR'),(159,15,11,28,34,2.3,0,0,0,0,'Dennis Smith Jr.','PG','CHA'),(160,19,19,28,41,2.2,0,0,0,0,'Clint Capela','C','ATL'),(161,5,2,28,12,2.4,0,0,0,0,'Gary Harris','SG','ORL'),(162,18,8,28,30,1.7,0,0,0,0,'Trey Murphy III','SF','NO'),(163,21,4,28,47,2.2,1,3,0,0,'Jordan Poole','SG','GS'),(164,14,14,27,43,3.1,0,3,1,0,'Patrick Beverley','PG','LAL'),(165,21,21,27,61,2.9,1,2,0,0,'Nicolas Claxton','C','BKN'),(166,19,11,27,35,1.8,0,0,0,0,'John Konchar','SG','MEM'),(167,19,19,27,55,2.9,0,1,0,0,'Jevon Carter','PG','MIL'),(168,20,20,27,46,2.3,0,0,0,0,'Jakob Poeltl','C','SA'),(169,21,16,27,33,1.6,0,0,0,0,'Bol Bol','PF','ORL'),(170,21,21,27,68,3.2,0,1,0,1,'Mason Plumlee','C','CHA'),(171,15,15,27,45,3,0,1,0,0,'Isaiah Stewart','C','DET'),(172,19,5,27,35,1.8,0,3,0,0,'Bobby Portis','C','MIL'),(173,18,18,27,22,1.2,0,0,0,0,'Monte Morris','PG','WAS'),(174,17,15,27,26,1.5,0,0,0,0,'Grayson Allen','SF','MIL'),(175,23,2,27,27,1.2,0,1,0,0,'Malik Beasley','SG','UTA'),(176,17,14,27,61,3.6,0,1,0,3,'Alperen Sengun','C','HOU'),(177,19,19,27,48,2.5,0,2,0,0,'Steven Adams','C','MEM'),(178,13,9,26,15,1.2,0,0,0,0,'Corey Kispert','SG','WAS'),(179,21,16,26,54,2.6,0,0,0,0,'Derrick White','SG','BOS'),(180,17,15,26,30,1.8,0,0,0,0,'Troy Brown Jr.','SF','LAL'),(181,5,5,26,13,2.6,0,1,0,0,'Jaren Jackson Jr.','PF','MEM'),(182,19,15,26,50,2.6,0,2,0,0,'Santi Aldama','PF','MEM'),(183,20,5,26,44,2.2,0,0,0,0,'Alex Caruso','SG','CHI'),(184,21,3,26,59,2.8,0,1,0,0,'Jalen McDaniels','PF','CHA'),(185,16,0,26,41,2.6,0,0,0,0,'Gabe Vincent','PG','MIA'),(186,20,20,26,40,2,0,0,0,1,'Patrick Williams','PF','CHI'),(187,17,0,26,47,2.8,0,0,0,1,'Christian Wood','C','DAL'),(188,8,8,25,14,1.8,0,0,0,0,'Cameron Johnson','SF','PHO'),(189,21,5,25,37,1.8,0,1,0,0,'Norman Powell','SG','LAC'),(190,20,5,25,37,1.9,1,1,0,0,'Kenyon Martin Jr.','SF','HOU'),(191,18,10,25,44,2.4,0,1,0,0,'Cameron Payne','PG','PHO'),(192,20,11,25,44,2.2,0,0,0,0,'Joe Harris','SG','BKN'),(193,6,3,25,11,1.8,0,1,0,0,'Dennis Schroder','PG','LAL'),(194,15,0,25,29,1.9,0,0,0,0,'Maxi Kleber','PF','DAL'),(195,20,20,25,52,2.6,0,0,0,0,'Jeremy Sochan','PF','SA'),(196,18,8,25,32,1.8,0,0,0,0,'Terrence Ross','SG','ORL'),(197,21,21,25,66,3.1,1,0,0,3,'Jarred Vanderbilt','C','UTA'),(198,17,6,25,45,2.6,1,0,0,1,'Jalen Williams','SG','OKC'),(199,15,7,25,40,2.7,0,0,0,0,'Dean Wade','PF','CLE'),(200,21,18,24,65,3.1,0,0,0,0,'Deni Avdija','SF','WAS'),(201,20,20,24,43,2.2,0,0,0,0,'Jalen Smith','PF','IND'),(202,9,8,24,22,2.4,0,1,0,0,'Marvin Bagley III','PF','DET'),(203,16,0,24,42,2.6,0,1,0,0,'Chris Boucher','C','TOR'),(204,18,1,24,20,1.1,0,0,0,0,'Tim Hardaway Jr.','SG','DAL'),(205,23,6,24,53,2.3,0,0,0,0,'Collin Sexton','SG','UTA'),(206,20,3,24,11,0.6,0,0,0,0,'Tyus Jones','PG','MEM'),(207,16,0,24,18,1.1,0,0,0,0,'Rui Hachimura','PF','WAS'),(208,22,9,24,64,2.9,0,0,0,1,'Killian Hayes','PG','DET'),(209,17,8,23,30,1.8,0,1,0,0,'Cam Reddish','SF','NY'),(210,20,12,23,47,2.4,0,1,0,0,'Torrey Craig','SF','PHO'),(211,4,0,23,8,2,0,0,0,0,'Joshua Primo','SG','SA'),(212,20,20,23,50,2.5,0,0,0,0,'Jonas Valanciunas','C','NO'),(213,12,0,23,19,1.6,0,0,0,0,'Seth Curry','SG','BKN'),(214,18,14,23,34,1.9,0,0,0,0,'Aleksej Pokusevski','PF','OKC'),(215,21,21,23,64,3,0,0,0,1,'Kevon Looney','C','GS'),(216,17,2,23,31,1.8,0,1,0,0,'Josh Richardson','SG','SA'),(217,17,6,23,25,1.5,0,2,0,0,'Shake Milton','SG','PHI'),(218,21,0,23,44,2.1,0,0,0,0,'Cedi Osman','SF','CLE'),(219,4,0,23,5,1.3,0,0,0,0,'Delon Wright','SG','WAS'),(220,17,0,23,24,1.4,1,0,0,0,'Malcolm Brogdon','PG','BOS'),(221,20,0,23,36,1.8,0,0,0,0,'Immanuel Quickley','PG','NY'),(222,3,2,23,15,5,0,0,0,1,'Jae\'Sean Tate','SF','HOU'),(223,21,0,23,24,1.1,1,0,0,0,'Will Barton','SG','WAS'),(224,19,0,23,34,1.8,0,2,1,0,'Malik Monk','SG','SAC'),(225,20,7,23,55,2.8,0,0,0,0,'Isaiah Hartenstein','C','NY'),(226,5,3,22,7,1.4,0,0,0,0,'Kawhi Leonard','SF','LAC'),(227,18,4,22,30,1.7,0,0,0,0,'Tre Mann','PG','OKC'),(228,18,0,22,34,1.9,1,1,0,0,'Larry Nance Jr.','PF','NO'),(229,17,0,22,29,1.7,0,1,0,0,'John Wall','PG','LAC'),(230,19,0,22,45,2.4,0,0,0,0,'Jalen Duren','C','DET'),(231,16,9,22,42,2.6,0,0,0,0,'Aaron Nesmith','SF','IND'),(232,18,7,22,34,1.9,0,0,0,0,'Chuma Okeke','PF','ORL'),(233,12,11,22,42,3.5,0,0,0,1,'Mitchell Robinson','C','NY'),(234,9,6,22,16,1.8,0,0,0,0,'Lamar Stevens','SG','CLE'),(235,13,0,22,24,1.8,0,1,0,0,'Nah\'Shon Hyland','PG','DEN'),(236,19,0,21,27,1.4,0,0,0,0,'George Hill','PG','MIL'),(237,14,7,21,20,1.4,0,1,0,0,'Luke Kennard','SG','LAC'),(238,9,0,21,25,2.8,1,0,0,0,'Alec Burks','PG','DET'),(239,14,1,21,27,1.9,0,1,0,0,'Jordan Goodwin','SG','WAS'),(240,19,0,21,32,1.7,0,0,0,0,'Doug McDermott','SF','SA'),(241,20,0,21,28,1.4,1,2,0,0,'Damion Lee','SG','PHO'),(242,21,9,21,39,1.9,0,0,0,0,'Terance Mann','SF','LAC'),(243,20,2,21,60,3,0,0,0,0,'Onyeka Okongwu','C','ATL'),(244,16,1,21,22,1.4,0,0,0,0,'Kevin Love','PF','CLE'),(245,15,6,21,37,2.5,0,0,0,0,'Andrew Nembhard','PG','IND'),(246,15,5,21,25,1.7,0,0,0,0,'Aaron Wiggins','SF','OKC'),(247,20,5,21,43,2.2,0,2,1,0,'Jose Alvarado','PG','NO'),(248,16,2,21,21,1.3,0,2,0,0,'Kyle Anderson','SF','MIN'),(249,19,3,21,37,1.9,0,1,0,0,'Kenrich Williams','SG','OKC'),(250,12,0,20,19,1.6,0,0,0,0,'Precious Achiuwa','C','TOR'),(251,20,13,20,37,1.9,0,0,0,0,'Jeremiah Robinson-Earl','C','OKC'),(252,19,5,20,31,1.6,0,1,0,0,'Shaedon Sharpe','SG','POR'),(253,19,4,20,23,1.2,0,3,0,0,'Naji Marshall','SF','NO'),(254,13,7,20,28,2.2,0,1,0,1,'Evan Fournier','SG','NY'),(255,16,3,20,33,2.1,0,1,0,0,'Jeff Green','PF','DEN'),(256,20,5,20,41,2.1,2,0,0,0,'Isaiah Livers','SF','DET'),(257,2,0,20,5,2.5,0,0,0,0,'Orlando Robinson','C','MIA'),(258,12,0,20,19,1.6,0,0,0,0,'Coby White','PG','CHI'),(259,9,5,20,16,1.8,0,1,0,0,'Chris Duarte','SF','IND'),(260,21,0,20,47,2.2,1,1,0,0,'Georges Niang','PF','PHI'),(261,21,0,20,46,2.2,0,2,0,0,'Nick Richards','C','CHA'),(262,18,0,20,43,2.4,1,1,0,0,'Taurean Prince','PF','MIN'),(263,21,4,19,47,2.2,0,0,0,0,'Isaac Okoro','SG','CLE'),(264,20,1,19,44,2.2,0,0,0,0,'Brandon Clarke','PF','MEM'),(265,19,1,19,47,2.5,0,1,0,1,'Josh Green','SG','DAL'),(266,19,1,19,29,1.5,0,0,0,0,'Davion Mitchell','PG','SAC'),(267,10,2,19,16,1.6,0,0,0,0,'Romeo Langford','SG','SA'),(268,19,5,19,42,2.2,0,1,0,0,'Mo Bamba','C','ORL'),(269,16,1,19,27,1.7,0,0,0,0,'Caleb Houstan','SG','ORL'),(270,21,1,19,44,2.1,0,0,0,1,'Nicolas Batum','PF','LAC'),(271,20,0,18,43,2.2,0,1,0,0,'Tari Eason','F','HOU'),(272,16,0,18,33,2.1,0,0,0,0,'Jake LaRavia','SF','MEM'),(273,13,2,18,31,2.4,0,0,0,0,'Anthony Lamb','SF','GS'),(274,19,1,18,20,1.1,0,0,0,0,'Jordan Nwora','SG','MIL'),(275,8,2,18,7,0.9,0,0,0,0,'Otto Porter Jr.','SF','TOR'),(276,19,3,18,36,1.9,1,1,0,0,'Drew Eubanks','C','POR'),(277,14,0,18,16,1.1,0,0,0,0,'Yuta Watanabe','SF','BKN'),(278,17,7,18,29,1.7,0,0,0,0,'Thaddeus Young','PF','TOR');
/*!40000 ALTER TABLE `fouls_minutes` ENABLE KEYS */;
UNLOCK TABLES;

--
-- Table structure for table `rebounding`
--

DROP TABLE IF EXISTS `rebounding`;
/*!40101 SET @saved_cs_client     = @@character_set_client */;
/*!50503 SET character_set_client = utf8mb4 */;
CREATE TABLE `rebounding` (
  `player_id` int unsigned NOT NULL,
  `games_played` int DEFAULT NULL,
  `games_started` int DEFAULT NULL,
  `minutes_per_game` float DEFAULT NULL,
  `offensive_rebounds` int DEFAULT NULL,
  `defensive_rebounds` int DEFAULT NULL,
  `total_rebounds` int DEFAULT NULL,
  `rebounds_per_game` float DEFAULT NULL,
  `player_name` varchar(30) DEFAULT NULL,
  `player_primary_position` varchar(3) DEFAULT NULL,
  `team_id` varchar(3) DEFAULT NULL,
  PRIMARY KEY (`player_id`)
) ENGINE=InnoDB DEFAULT CHARSET=utf8mb4 COLLATE=utf8mb4_0900_ai_ci;
/*!40101 SET character_set_client = @saved_cs_client */;

--
-- Dumping data for table `rebounding`
--

LOCK TABLES `rebounding` WRITE;
/*!40000 ALTER TABLE `rebounding` DISABLE KEYS */;
INSERT INTO `rebounding` VALUES (29,17,17,34.5,58,159,217,12.8,'Anthony Davis','C','LAL'),(30,19,19,31.8,75,160,235,12.4,'Rudy Gobert','C','MIN'),(31,19,19,27.6,80,150,230,12.1,'Clint Capela','C','ATL'),(32,21,21,30.8,71,173,244,11.6,'Ivica Zubac','C','LAC'),(33,16,16,32.6,31,151,182,11.4,'Giannis Antetokounmpo','PF','MIL'),(34,20,20,31.9,50,177,227,11.4,'Nikola Vucevic','C','CHI'),(35,19,19,32.6,42,167,209,11,'Domantas Sabonis','C','SAC'),(36,19,19,26.6,93,114,207,10.9,'Steven Adams','C','MEM'),(37,17,17,32,50,133,183,10.8,'Jarrett Allen','C','CLE'),(38,19,5,27,45,154,199,10.5,'Bobby Portis','C','MIL'),(39,17,17,29,50,120,170,10,'Jusuf Nurkic','C','POR'),(40,20,20,27.2,77,120,197,9.9,'Jakob Poeltl','C','SA'),(41,17,17,32,33,134,167,9.8,'Nikola Jokic','C','DEN'),(42,18,18,29.2,56,117,173,9.6,'Deandre Ayton','C','PHO'),(43,19,19,34.6,48,131,179,9.4,'Bam Adebayo','C','MIA'),(44,15,15,32.9,32,104,136,9.1,'Wendell Carter Jr.','C','ORL'),(45,20,20,23.3,56,125,181,9.1,'Jonas Valanciunas','C','NO'),(46,21,21,34.2,59,131,190,9,'Evan Mobley','PF','CLE'),(47,17,14,26.7,59,94,153,9,'Alperen Sengun','C','HOU'),(48,21,21,27.1,61,125,186,8.9,'Mason Plumlee','C','CHA'),(49,18,18,37.3,16,140,156,8.7,'Luka Doncic','PG','DAL'),(50,20,20,33.1,45,129,174,8.7,'Julius Randle','PF','NY'),(51,21,21,27.4,55,125,180,8.6,'Nicolas Claxton','C','BKN'),(52,14,0,15.4,43,78,121,8.6,'Andre Drummond','C','CHI'),(53,20,20,35.8,37,132,169,8.5,'Josh Hart','SF','POR'),(54,15,15,29.1,22,105,127,8.5,'Myles Turner','C','IND'),(55,23,23,33.7,53,141,194,8.4,'Lauri Markkanen','SF','UTA'),(56,20,20,32,42,122,164,8.2,'Kristaps Porzingis','C','WAS'),(57,21,21,33.8,35,137,172,8.2,'Karl-Anthony Towns','PF','MIN'),(58,21,21,24.8,49,124,173,8.2,'Jarred Vanderbilt','C','UTA'),(59,20,20,34.4,19,142,161,8.1,'Kyle Kuzma','PF','WAS'),(60,21,16,27.1,31,135,166,7.9,'Bol Bol','PF','ORL'),(61,20,20,36.6,18,135,153,7.7,'Jayson Tatum','PF','BOS'),(62,17,0,25.5,20,110,130,7.6,'Christian Wood','C','DAL'),(63,21,21,32.2,25,132,157,7.5,'John Collins','PF','ATL'),(64,20,20,24,36,109,145,7.3,'Jalen Smith','PF','IND'),(65,19,0,21.8,57,80,137,7.2,'Jalen Duren','C','DET'),(66,16,1,20.7,13,102,115,7.2,'Kevin Love','PF','CLE'),(67,19,19,30,27,109,136,7.2,'Jabari Smith','PF','HOU'),(68,18,18,30.3,28,100,128,7.1,'Josh Giddey','PG','OKC'),(69,20,7,22.5,60,82,142,7.1,'Isaiah Hartenstein','C','NY'),(70,21,21,22.9,48,96,144,6.9,'Kevon Looney','C','GS'),(71,19,19,34.5,11,118,129,6.8,'Stephen Curry','PG','GS'),(72,17,17,28.5,43,71,114,6.7,'Aaron Gordon','PF','DEN'),(73,21,0,19.7,64,76,140,6.7,'Nick Richards','C','CHA'),(74,17,16,33.1,32,80,112,6.6,'Scottie Barnes','PF','TOR'),(75,16,0,23.7,41,65,106,6.6,'Chris Boucher','C','TOR'),(76,22,22,36.7,9,136,145,6.6,'Kevin Durant','PF','BKN'),(77,17,12,28.1,17,96,113,6.6,'Ben Simmons','PG','BKN'),(78,19,19,35.4,17,107,124,6.5,'Jaylen Brown','SF','BOS'),(79,19,19,33.9,18,105,123,6.5,'Tobias Harris','PF','PHI'),(80,19,11,27.4,28,94,122,6.4,'John Konchar','SG','MEM'),(81,17,17,32.9,22,86,108,6.4,'Ja Morant','PG','MEM'),(82,15,15,31.3,30,66,96,6.4,'Zion Williamson','PF','NO'),(83,17,17,31.2,20,87,107,6.3,'Al Horford','C','BOS'),(84,16,3,16.1,26,74,100,6.3,'DeAndre Jordan','C','DEN'),(85,19,19,30.5,12,103,115,6.1,'Draymond Green','PF','GS'),(86,20,20,36.6,29,91,120,6,'OG Anunoby','SF','TOR'),(87,16,16,34.3,8,88,96,6,'Paul George','SF','LAC'),(88,20,2,20.8,42,78,120,6,'Onyeka Okongwu','C','ATL'),(89,16,16,29.1,19,77,96,6,'Michael Porter Jr.','SF','DEN'),(90,21,21,36.4,13,110,123,5.9,'Anthony Edwards','SG','MIN'),(91,21,21,36.8,15,109,124,5.9,'Dejounte Murray','PG','ATL'),(92,19,15,25.8,31,79,110,5.8,'Santi Aldama','PF','MEM'),(93,19,19,30.9,32,78,110,5.8,'Brook Lopez','C','MIL'),(94,19,19,34.6,30,81,111,5.8,'Kevin Porter','PG','HOU'),(95,19,19,30.7,22,82,104,5.5,'Harrison Barnes','PF','SAC'),(96,20,20,34.8,19,90,109,5.5,'R.J. Barrett','SF','NY'),(97,20,5,25.2,30,79,109,5.5,'Kenyon Martin Jr.','SF','HOU'),(98,19,19,33.2,31,74,105,5.5,'Andrew Wiggins','SF','GS'),(99,20,20,36.9,20,87,107,5.4,'Devin Booker','SG','PHO'),(100,20,20,37.2,22,85,107,5.4,'Mikal Bridges','SF','PHO'),(101,18,0,22.4,31,64,95,5.3,'Larry Nance Jr.','PF','NO'),(102,20,0,18.4,42,62,104,5.2,'Tari Eason','F','HOU'),(103,18,1,16.1,37,57,94,5.2,'Usman Garuba','PF','HOU'),(104,20,20,32.9,38,65,103,5.2,'Caleb Martin','SF','MIA'),(105,21,21,31.4,31,79,110,5.2,'Kelly Oubre Jr.','SG','CHA'),(106,18,3,28.2,18,75,93,5.2,'Russell Westbrook','PG','LAL'),(107,21,18,24.1,20,87,107,5.1,'Deni Avdija','SF','WAS'),(108,15,15,32.1,7,69,76,5.1,'Brandon Ingram','SF','NO'),(109,17,17,35.1,18,68,86,5.1,'CJ McCollum','PG','NO'),(110,22,22,35.6,18,94,112,5.1,'Royce O\'Neale','PF','BKN'),(111,20,12,23.3,37,62,99,5,'Torrey Craig','SF','PHO'),(112,19,19,30.5,8,87,95,5,'Marcus Morris','PF','LAC'),(113,17,15,26.2,17,67,84,4.9,'Troy Brown Jr.','SF','LAL'),(114,18,18,32.1,10,79,89,4.9,'De\'Aaron Fox','PG','SAC'),(115,20,20,35.8,21,77,98,4.9,'Shai Gilgeous-Alexander','SG','OKC'),(116,15,14,31.7,19,54,73,4.9,'Jrue Holiday','PG','MIL'),(117,19,19,31.8,23,70,93,4.9,'Jaden Ivey','SG','DET'),(118,19,19,31.9,17,77,94,4.9,'Keldon Johnson','SF','SA'),(119,20,0,15.1,41,57,98,4.9,'Walker Kessler','C','UTA'),(120,21,21,36.3,16,86,102,4.9,'Kyle Lowry','PG','MIA'),(121,20,13,20.4,33,64,97,4.9,'Jeremiah Robinson-Earl','C','OKC'),(122,17,7,28.1,27,57,84,4.9,'Justise Winslow','SF','POR'),(123,18,17,31.2,20,66,86,4.8,'Saddiq Bey','SF','DET'),(124,16,0,23.5,12,65,77,4.8,'Rui Hachimura','PF','WAS'),(125,23,23,28.3,32,78,110,4.8,'Kelly Olynyk','PF','UTA'),(126,18,14,23.2,27,60,87,4.8,'Aleksej Pokusevski','PF','OKC'),(127,14,2,14.4,32,35,67,4.8,'Jericho Sims','C','NY'),(128,21,21,31.9,24,74,98,4.7,'P.J. Washington','PF','CHA'),(129,20,20,33.8,17,76,93,4.7,'Tyrese Haliburton','PG','IND'),(130,20,20,31.5,22,71,93,4.7,'Buddy Hield','SG','IND'),(131,20,10,28.2,16,77,93,4.7,'Grant Williams','PF','BOS'),(132,20,1,19.1,22,69,91,4.6,'Brandon Clarke','PF','MEM'),(133,21,21,30.3,33,63,96,4.6,'Luguentz Dort','SF','OKC'),(134,19,3,16.7,28,59,87,4.6,'Isaiah Jackson','C','IND'),(135,17,14,32.1,18,60,78,4.6,'Caris LeVert','SF','CLE'),(136,21,3,25.8,21,76,97,4.6,'Jalen McDaniels','PF','CHA'),(137,19,5,18.7,22,64,86,4.5,'Mo Bamba','C','ORL'),(138,20,8,29.2,21,68,89,4.5,'Bruce Brown','SF','DEN'),(139,20,0,22.7,11,78,89,4.5,'Immanuel Quickley','PG','NY'),(140,19,19,36.4,15,68,83,4.4,'Jerami Grant','PF','POR'),(141,18,8,27.6,23,57,80,4.4,'Trey Murphy III','SF','NO'),(142,21,21,28.7,26,66,92,4.4,'P.J. Tucker','PF','PHI'),(143,17,7,18.2,33,41,74,4.4,'Thaddeus Young','PF','TOR'),(144,19,3,18.2,32,50,82,4.3,'Drew Eubanks','C','POR'),(145,18,0,16.4,29,49,78,4.3,'JaMychal Green','C','GS'),(146,16,16,34.1,11,57,68,4.3,'Zach LaVine','SG','CHI'),(147,19,12,28.1,21,61,82,4.3,'De\'Anthony Melton','SG','PHI'),(148,15,7,24.5,9,56,65,4.3,'Dean Wade','PF','CLE'),(149,20,20,34.9,9,74,83,4.2,'DeMar DeRozan','SF','CHI'),(150,20,20,34.2,11,73,84,4.2,'Jalen Green','SG','HOU'),(151,20,20,32.1,14,70,84,4.2,'De\'Andre Hunter','SF','ATL'),(152,18,7,21.8,21,55,76,4.2,'Chuma Okeke','PF','ORL'),(153,19,19,33.5,24,53,77,4.1,'Dorian Finney-Smith','SF','DAL'),(154,20,0,28.1,27,54,81,4.1,'Bennedict Mathurin','SG','IND'),(155,18,0,12.2,24,50,74,4.1,'Paul Reed','SF','PHI'),(156,20,20,24.9,26,55,81,4.1,'Jeremy Sochan','PF','SA'),(157,21,21,33.3,19,68,87,4.1,'Franz Wagner','G','ORL'),(158,20,20,25.8,22,59,81,4.1,'Patrick Williams','PF','CHI'),(159,21,1,18.5,15,70,85,4,'Nicolas Batum','PF','LAC'),(160,16,0,15.7,19,45,64,4,'Darius Bazley','PF','OKC'),(161,23,2,26.7,15,77,92,4,'Malik Beasley','SG','UTA'),(162,21,21,32.1,12,71,83,4,'Bojan Bogdanovic','SF','DET'),(163,23,23,32,28,64,92,4,'Jordan Clarkson','PG','UTA'),(164,19,19,36.9,16,60,76,4,'Donovan Mitchell','SG','CLE'),(165,16,14,32.2,2,62,64,4,'Devin Vassell','SG','SA'),(166,14,14,27.4,9,46,55,3.9,'Patrick Beverley','PG','LAL'),(167,17,0,22.7,15,52,67,3.9,'Malcolm Brogdon','PG','BOS'),(168,16,0,13.6,21,42,63,3.9,'Luke Kornet','C','BOS'),(169,16,2,20.5,11,50,61,3.8,'Kyle Anderson','SF','MIN'),(170,17,15,28.8,14,51,65,3.8,'Keegan Murray','PF','SAC'),(171,16,16,29.4,9,51,60,3.8,'Jamal Murray','PG','DEN'),(172,20,0,17.7,14,62,76,3.8,'Obi Toppin','PF','NY'),(173,15,5,20.7,13,44,57,3.8,'Aaron Wiggins','SF','OKC'),(174,19,3,20.5,31,41,72,3.8,'Kenrich Williams','SG','OKC'),(175,15,0,24.9,13,43,56,3.7,'Maxi Kleber','PF','DAL'),(176,18,18,26.9,8,58,66,3.7,'Monte Morris','PG','WAS'),(177,19,1,18.4,15,55,70,3.7,'Jordan Nwora','SG','MIL'),(178,19,12,34,11,60,71,3.7,'Max Strus','SG','MIA'),(179,15,15,36.6,11,44,55,3.7,'Bradley Beal','SG','WAS'),(180,16,16,28.6,20,39,59,3.7,'Herbert Jones','SG','NO'),(181,16,2,12.7,15,42,57,3.6,'Bismack Biyombo','C','PHO'),(182,17,17,30.6,14,47,61,3.6,'Dillon Brooks','SF','MEM'),(183,20,20,33.2,9,63,72,3.6,'Jalen Brunson','PG','NY'),(184,17,2,13.9,18,43,61,3.6,'Wenyen Gabriel','PF','LAL'),(185,21,0,12.6,27,48,75,3.6,'Daniel Gafford','C','WAS'),(186,17,0,13.6,25,37,62,3.6,'Jock Landale','C','PHO'),(187,17,6,22.8,16,45,61,3.6,'Shake Milton','SG','PHI'),(188,19,19,29.1,10,56,66,3.5,'Ayo Dosunmu','PG','CHI'),(189,20,9,16.5,35,34,69,3.5,'Christian Koloko','C','TOR'),(190,15,15,36.4,6,46,52,3.5,'Tyrese Maxey','PG','PHI'),(191,19,19,29.9,27,40,67,3.5,'Jaden McDaniels','SF','MIN'),(192,18,0,12.6,17,45,62,3.4,'Dewayne Dedmon','C','MIA'),(193,19,19,32.2,7,57,64,3.4,'Kevin Huerter','SG','SAC'),(194,20,20,30,14,53,67,3.4,'Tre Jones','PG','SA'),(195,20,0,20.8,15,53,68,3.4,'Damion Lee','SG','PHO'),(196,17,17,29.6,7,50,57,3.4,'Klay Thompson','SG','GS'),(197,14,14,37.3,8,40,48,3.4,'Fred VanVleet','PG','TOR'),(198,21,0,22.6,6,63,69,3.3,'Will Barton','SG','WAS'),(199,21,21,31,14,55,69,3.3,'D\'Angelo Russell','PG','MIN'),(200,15,11,27.9,9,40,49,3.3,'Dennis Smith Jr.','PG','CHA'),(201,17,15,26.8,16,39,55,3.2,'Grayson Allen','SF','MIL'),(202,19,19,31.6,10,51,61,3.2,'Kentavious Caldwell-Pope','SG','DEN'),(203,20,0,16.6,22,42,64,3.2,'Javonte Green','PF','CHI'),(204,21,9,20.8,15,53,68,3.2,'Terance Mann','SF','LAC'),(205,16,9,21.8,8,43,51,3.2,'Aaron Nesmith','SF','IND'),(206,19,7,28.5,13,48,61,3.2,'Austin Reaves','SG','LAL'),(207,18,18,28.8,9,46,55,3.1,'Reggie Bullock','SF','DAL'),(208,19,19,32.5,5,54,59,3.1,'Spencer Dinwiddie','PG','DAL'),(209,18,5,12.6,20,35,55,3.1,'Montrezl Harrell','C','PHI'),(210,16,0,18.4,13,37,50,3.1,'Jake LaRavia','SF','MEM'),(211,16,12,17,26,24,50,3.1,'Dwight Powell','C','DAL'),(212,18,18,36.6,6,50,56,3.1,'Anfernee Simons','SG','POR'),(213,19,19,32.3,5,53,58,3.1,'Marcus Smart','PG','BOS'),(214,17,6,24.6,10,42,52,3.1,'Jalen Williams','SG','OKC'),(215,20,5,25.8,9,50,59,3,'Alex Caruso','SG','CHI'),(216,22,0,15.6,21,45,66,3,'Hamidou Diallo','SF','DET'),(217,21,0,22.8,7,55,62,3,'Cedi Osman','SF','CLE'),(218,21,16,26.3,11,53,64,3,'Derrick White','SG','BOS'),(219,20,20,35.4,17,42,59,3,'Trae Young','PG','ATL'),(220,19,5,16.1,24,31,55,2.9,'Keita Bates-Diop','SF','SA'),(221,15,6,15.5,14,30,44,2.9,'MarJon Beauchamp','SG','MIL'),(222,18,1,13.1,8,45,53,2.9,'Terence Davis','SF','SAC'),(223,20,11,25.1,10,48,58,2.9,'Joe Harris','SG','BKN'),(224,14,0,11.4,12,28,40,2.9,'Serge Ibaka','PF','MIL'),(225,20,0,13.3,9,48,57,2.9,'Jalen Johnson','SF','ATL'),(226,18,4,22.4,11,41,52,2.9,'Tre Mann','PG','OKC'),(227,15,0,12.1,8,36,44,2.9,'Chimezie Metu','PF','SAC'),(228,21,5,25.3,7,53,60,2.9,'Norman Powell','SG','LAC'),(229,16,0,14.7,17,28,45,2.8,'Trey Lyles','C','SAC'),(230,19,4,20.2,15,39,54,2.8,'Naji Marshall','SF','NO'),(231,19,19,27.2,12,40,52,2.7,'Jevon Carter','PG','MIL'),(232,22,9,23.5,11,48,59,2.7,'Killian Hayes','PG','DET'),(233,21,0,17.3,11,45,56,2.7,'Jaylen Nowell','SG','MIN'),(234,16,3,20,12,29,41,2.6,'Jeff Green','PF','DEN'),(235,21,21,29.1,5,49,54,2.6,'Reggie Jackson','PG','LAC'),(236,15,7,9.1,11,28,39,2.6,'JaVale McGee','C','DAL'),(237,20,0,17.8,16,35,51,2.6,'David Roddy','SF','MEM'),(238,15,1,9.4,17,22,39,2.6,'Noah Vonleh','C','BOS'),(239,17,0,22.2,6,39,45,2.6,'John Wall','PG','LAC'),(240,21,0,17.5,7,46,53,2.5,'Sam Hauser','SF','BOS'),(241,23,0,16.7,11,47,58,2.5,'Talen Horton-Tucker','SF','UTA'),(242,17,2,15.1,13,30,43,2.5,'Jonathan Kuminga','PF','GS'),(243,20,0,15.3,7,42,49,2.5,'Nassir Little','SF','POR'),(244,18,0,19.6,6,39,45,2.5,'Taurean Prince','PF','MIN'),(245,15,0,12.9,7,31,38,2.5,'Naz Reid','C','MIN'),(246,20,5,20.5,8,40,48,2.4,'Jose Alvarado','PG','NO'),(247,19,0,17.2,5,40,45,2.4,'James Bouknight','SG','CHA'),(248,17,17,29.2,7,34,41,2.4,'Mike Conley','PG','UTA'),(249,15,0,13,15,21,36,2.4,'Derrick Jones Jr.','SF','CHI'),(250,20,5,20,11,36,47,2.4,'Isaiah Livers','SF','DET'),(251,19,1,16.5,3,43,46,2.4,'Theo Maledon','PG','CHA'),(252,19,0,17.5,13,33,46,2.4,'T.J. McConnell','PG','IND'),(253,18,10,25.2,6,38,44,2.4,'Cameron Payne','PG','PHO'),(254,16,0,12.8,6,33,39,2.4,'Isaiah Roby','C','SA'),(255,23,6,23.7,18,37,55,2.4,'Collin Sexton','SG','UTA'),(256,19,5,20.3,12,33,45,2.4,'Shaedon Sharpe','SG','POR'),(257,17,17,31.5,7,33,40,2.4,'Lonnie Walker IV','SF','LAL'),(258,15,0,14.3,11,24,35,2.3,'Oshae Brissett','SF','IND'),(259,15,15,35.9,5,29,34,2.3,'Darius Garland','PG','CLE'),(260,16,1,18.6,10,27,37,2.3,'Caleb Houstan','SG','ORL'),(261,15,6,20.7,6,28,34,2.3,'Andrew Nembhard','PG','IND'),(262,18,8,24.8,6,36,42,2.3,'Terrence Ross','SG','ORL'),(263,17,16,31.3,13,26,39,2.3,'Gary Trent Jr.','SG','TOR'),(264,19,0,13.8,13,29,42,2.2,'Christian Braun','SG','DEN'),(265,19,1,19.1,16,26,42,2.2,'Josh Green','SG','DAL'),(266,17,2,22.9,7,31,38,2.2,'Josh Richardson','SG','SA'),(267,16,0,17.6,4,31,35,2.2,'Duncan Robinson','SG','MIA'),(268,16,0,25.8,4,31,35,2.2,'Gabe Vincent','PG','MIA'),(269,17,17,30.2,6,30,36,2.1,'Eric Gordon','SF','HOU'),(270,18,1,23.7,3,34,37,2.1,'Tim Hardaway Jr.','SG','DAL'),(271,19,0,22.6,8,32,40,2.1,'Malik Monk','SG','SAC'),(272,21,0,19.7,4,41,45,2.1,'Georges Niang','PF','PHI'),(273,17,1,17.5,14,20,34,2,'AJ Griffin','SF','ATL'),(274,16,0,15.9,15,17,32,2,'Wesley Matthews','SG','MIL'),(275,21,4,19.3,11,32,43,2,'Isaac Okoro','SG','CLE'),(276,21,4,27.6,6,35,41,2,'Jordan Poole','SG','GS'),(277,19,0,21.3,6,31,37,1.9,'George Hill','PG','MIL'),(278,19,0,20.9,5,31,36,1.9,'Doug McDermott','SF','SA');
/*!40000 ALTER TABLE `rebounding` ENABLE KEYS */;
UNLOCK TABLES;

--
-- Table structure for table `scoring`
--

DROP TABLE IF EXISTS `scoring`;
/*!40101 SET @saved_cs_client     = @@character_set_client */;
/*!50503 SET character_set_client = utf8mb4 */;
CREATE TABLE `scoring` (
  `player_id` int unsigned NOT NULL,
  `games_played` int DEFAULT NULL,
  `games_started` int DEFAULT NULL,
  `minutes_per_game` float DEFAULT NULL,
  `points_per_game` float DEFAULT NULL,
  `fg_made` int DEFAULT NULL,
  `fg_attempted` int DEFAULT NULL,
  `fg_per_game` float DEFAULT NULL,
  `3fg_made` int DEFAULT NULL,
  `3fg_attempted` int DEFAULT NULL,
  `3fg_per_game` float DEFAULT NULL,
  `ft_made` int DEFAULT NULL,
  `ft_attempted` int DEFAULT NULL,
  `ft_per_game` float DEFAULT NULL,
  `player_name` varchar(30) DEFAULT NULL,
  `player_primary_position` varchar(3) DEFAULT NULL,
  `team_id` varchar(3) DEFAULT NULL,
  PRIMARY KEY (`player_id`)
) ENGINE=InnoDB DEFAULT CHARSET=utf8mb4 COLLATE=utf8mb4_0900_ai_ci;
/*!40101 SET character_set_client = @saved_cs_client */;

--
-- Dumping data for table `scoring`
--

LOCK TABLES `scoring` WRITE;
/*!40000 ALTER TABLE `scoring` DISABLE KEYS */;
INSERT INTO `scoring` VALUES (0,18,18,37.3,33.1,204,405,50.4,42,137,30.7,145,198,73.2,'Luka Doncic','PG','DAL'),(1,19,19,34.5,31.4,203,389,52.2,98,222,44.1,92,101,91.1,'Stephen Curry','PG','GS'),(2,20,20,35.8,31.1,215,425,50.6,21,62,33.9,170,185,91.9,'Shai Gilgeous-Alexander','SG','OKC'),(3,16,16,32.6,30.9,182,341,53.4,11,48,22.9,120,200,60,'Giannis Antetokounmpo','PF','MIL'),(4,20,20,36.6,30.8,201,418,48.1,66,190,34.7,147,169,87,'Jayson Tatum','PF','BOS'),(5,22,22,36.7,30,233,425,54.8,36,104,34.6,158,172,91.9,'Kevin Durant','PF','BKN'),(6,19,19,36.9,28.9,191,391,48.8,71,173,41,97,110,88.2,'Donovan Mitchell','SG','CLE'),(7,17,17,32.9,28.5,168,356,47.2,30,81,37,118,156,75.6,'Ja Morant','PG','MEM'),(8,20,20,36.9,27.9,198,421,47,45,128,35.2,117,133,88,'Devin Booker','SG','PHO'),(9,20,20,35.4,27.7,176,434,40.6,45,144,31.3,157,174,90.2,'Trae Young','PG','ATL'),(10,17,17,34.5,26.2,168,294,57.1,4,19,21.1,106,130,81.5,'Anthony Davis','C','LAL'),(11,20,20,34.9,26.2,187,364,51.4,10,31,32.3,139,158,88,'DeMar DeRozan','SF','CHI'),(12,19,19,35.4,26.1,187,369,50.7,43,125,34.4,79,95,83.2,'Jaylen Brown','SF','BOS'),(13,18,18,32.1,24.3,163,312,52.2,36,94,38.3,75,91,82.4,'De\'Aaron Fox','PG','SAC'),(14,16,16,34.3,23.6,132,288,45.8,45,121,37.2,69,81,85.2,'Paul George','SF','LAC'),(15,15,15,36.6,23.5,134,254,52.8,28,74,37.8,56,62,90.3,'Bradley Beal','SG','WAS'),(16,18,18,36.6,23.2,142,337,42.1,70,190,36.8,63,71,88.7,'Anfernee Simons','SG','POR'),(17,17,17,32,23,144,231,62.3,10,34,29.4,93,110,84.5,'Nikola Jokic','C','DEN'),(18,15,15,35.9,22.9,115,261,44.1,43,106,40.6,71,83,85.5,'Darius Garland','PG','CLE'),(19,15,15,36.4,22.9,126,273,46.2,43,102,42.2,48,65,73.8,'Tyrese Maxey','PG','PHI'),(20,21,21,36.4,22.6,172,376,45.7,55,159,34.6,75,100,75,'Anthony Edwards','SG','MIN'),(21,15,15,31.3,22.5,133,230,57.8,3,9,33.3,68,96,70.8,'Zion Williamson','PF','NO'),(22,23,23,33.7,22.2,188,356,52.8,56,145,38.6,78,96,81.3,'Lauri Markkanen','SF','UTA'),(23,20,20,33.2,21.8,155,317,48.9,28,87,32.2,98,109,89.9,'Jalen Brunson','PG','NY'),(24,20,20,34.2,21.6,147,345,42.6,54,153,35.3,84,105,80,'Jalen Green','SG','HOU'),(25,19,19,36.4,21.5,131,276,47.5,53,110,48.2,93,122,76.2,'Jerami Grant','PF','POR'),(26,20,20,32,21.4,145,308,47.1,45,120,37.5,92,113,81.4,'Kristaps Porzingis','C','WAS'),(27,16,16,34.1,20.9,116,287,40.4,47,132,35.6,56,68,82.4,'Zach LaVine','SG','CHI'),(28,15,15,32.1,20.8,109,231,47.2,28,60,46.7,66,76,86.8,'Brandon Ingram','SF','NO'),(29,21,21,33.8,20.8,153,303,50.5,38,117,32.5,92,104,88.5,'Karl-Anthony Towns','PF','MIN'),(30,21,21,32.1,20.6,147,297,49.5,49,124,39.5,90,102,88.2,'Bojan Bogdanovic','SF','DET'),(31,21,21,36.8,20.6,171,388,44.1,43,125,34.4,47,53,88.7,'Dejounte Murray','PG','ATL'),(32,20,20,33.1,20.6,138,298,46.3,40,121,33.1,95,123,77.2,'Julius Randle','PF','NY'),(33,19,19,34.6,20.5,151,285,53,0,8,0,88,102,86.3,'Bam Adebayo','C','MIA'),(34,19,19,31.9,20.4,134,332,40.4,58,159,36.5,61,81,75.3,'Keldon Johnson','SF','SA'),(35,20,20,34.4,20.4,154,332,46.4,46,147,31.3,54,74,73,'Kyle Kuzma','PF','WAS'),(36,16,14,32.2,20.4,121,263,46,49,117,41.9,35,45,77.8,'Devin Vassell','SG','SA'),(37,20,20,33.8,19.9,146,307,47.6,54,142,38,51,60,85,'Tyrese Haliburton','PG','IND'),(38,21,21,31.4,19.7,157,360,43.6,48,155,31,51,71,71.8,'Kelly Oubre Jr.','SG','CHA'),(39,21,21,33.3,19.5,153,306,50,26,82,31.7,78,91,85.7,'Franz Wagner','G','ORL'),(40,20,0,28.1,19.1,119,271,43.9,48,115,41.7,95,118,80.5,'Bennedict Mathurin','SG','IND'),(41,19,19,33.2,19.1,140,279,50.2,56,127,44.1,26,37,70.3,'Andrew Wiggins','SF','GS'),(42,20,20,36.6,19,143,303,47.2,34,97,35.1,60,71,84.5,'OG Anunoby','SF','TOR'),(43,23,23,32,19,159,372,42.7,63,179,35.2,55,65,84.6,'Jordan Clarkson','PG','UTA'),(44,17,17,35.1,18.7,125,305,41,41,120,34.2,27,34,79.4,'CJ McCollum','PG','NO'),(45,19,19,34.6,18.7,123,296,41.6,37,109,33.9,73,100,73,'Kevin Porter','PG','HOU'),(46,20,20,34.8,18.6,132,330,40,30,112,26.8,77,100,77,'R.J. Barrett','SF','NY'),(47,14,14,37.3,18.6,83,219,37.9,45,119,37.8,50,58,86.2,'Fred VanVleet','PG','TOR'),(48,15,15,29.1,18,92,169,54.4,23,58,39.7,63,76,82.9,'Myles Turner','C','IND'),(49,17,17,29.6,17.7,107,263,40.7,66,165,40,21,26,80.8,'Klay Thompson','SG','GS'),(50,17,17,30.6,17.6,113,278,40.6,38,110,34.5,35,47,74.5,'Dillon Brooks','SF','MEM'),(51,15,14,31.7,17.5,100,229,43.7,29,90,32.2,33,38,86.8,'Jrue Holiday','PG','MIL'),(52,16,16,29.4,17.3,108,248,43.5,29,81,35.8,32,41,78,'Jamal Murray','PG','DEN'),(53,20,20,31.5,17.2,120,286,42,71,193,36.8,32,36,88.9,'Buddy Hield','SG','IND'),(54,19,19,32.5,17.1,120,251,47.8,54,131,41.2,31,38,81.6,'Spencer Dinwiddie','PG','DAL'),(55,17,0,25.5,17.1,107,189,56.6,25,57,43.9,51,74,68.9,'Christian Wood','C','DAL'),(56,19,19,33.9,16.9,127,263,48.3,37,101,36.6,30,37,81.1,'Tobias Harris','PF','PHI'),(57,19,19,32.6,16.9,116,198,58.6,6,22,27.3,84,113,74.3,'Domantas Sabonis','C','SAC'),(58,15,15,32.9,16.6,87,169,51.5,18,52,34.6,57,69,82.6,'Wendell Carter Jr.','C','ORL'),(59,17,17,31.5,16.6,106,222,47.7,33,91,36.3,38,45,84.4,'Lonnie Walker IV','SF','LAL'),(60,16,16,29.1,16.4,96,206,46.6,47,110,42.7,24,30,80,'Michael Porter Jr.','SF','DEN'),(61,18,18,29.2,16.3,129,213,60.6,3,11,27.3,32,45,71.1,'Deandre Ayton','C','PHO'),(62,19,19,31.8,16.2,109,259,42.1,28,88,31.8,62,84,73.8,'Jaden Ivey','SG','DET'),(63,21,4,27.6,16.2,117,280,41.8,45,145,31,62,74,83.8,'Jordan Poole','SG','GS'),(64,20,20,37.2,16.1,125,234,53.4,31,70,44.3,40,46,87,'Mikal Bridges','SF','PHO'),(65,19,19,32.2,16.1,106,217,48.8,62,136,45.6,31,45,68.9,'Kevin Huerter','SG','SAC'),(66,17,16,31.3,16.1,94,235,40,35,113,31,51,66,77.3,'Gary Trent Jr.','SG','TOR'),(67,21,21,31.9,15.9,124,281,44.1,39,115,33.9,47,59,79.7,'P.J. Washington','PF','CHA'),(68,17,17,28.5,15.8,103,170,60.6,18,47,38.3,45,73,61.6,'Aaron Gordon','PF','DEN'),(69,19,19,30.9,15.8,113,221,51.1,46,112,41.1,28,36,77.8,'Brook Lopez','C','MIL'),(70,20,20,32.1,15.6,112,252,44.4,28,79,35.4,59,73,80.8,'De\'Andre Hunter','SF','ATL'),(71,20,20,31.9,15.6,122,257,47.5,31,90,34.4,36,42,85.7,'Nikola Vucevic','C','CHI'),(72,17,14,26.7,15.4,97,179,54.2,4,19,21.1,63,79,79.7,'Alperen Sengun','C','HOU'),(73,19,12,34,15.3,105,247,42.5,58,163,35.6,23,26,88.5,'Max Strus','SG','MIA'),(74,18,3,28.2,15.3,99,244,40.6,24,76,31.6,53,73,72.6,'Russell Westbrook','PG','LAL'),(75,21,21,34.2,15,128,235,54.5,4,19,21.1,54,79,68.4,'Evan Mobley','PF','CLE'),(76,18,17,31.2,14.7,84,206,40.8,28,98,28.6,69,76,90.8,'Saddiq Bey','SF','DET'),(77,21,21,36.3,14.6,89,229,38.9,51,142,35.9,78,91,85.7,'Kyle Lowry','PG','MIA'),(78,19,19,30.5,14.6,109,227,48,41,104,39.4,18,24,75,'Marcus Morris','PF','LAC'),(79,17,17,29,14.6,94,178,52.8,12,27,44.4,49,65,75.4,'Jusuf Nurkic','C','POR'),(80,17,16,33.1,14.4,101,231,43.7,23,66,34.8,20,27,74.1,'Scottie Barnes','PF','TOR'),(81,18,18,30.3,14.4,113,247,45.7,14,54,25.9,19,28,67.9,'Josh Giddey','PG','OKC'),(82,21,21,31,14.4,111,259,42.9,40,125,32,40,51,78.4,'D\'Angelo Russell','PG','MIN'),(83,19,0,22.6,14.3,99,206,48.1,37,105,35.2,36,40,90,'Malik Monk','SG','SAC'),(84,23,2,26.7,14,115,268,42.9,75,186,40.3,18,20,90,'Malik Beasley','SG','UTA'),(85,17,0,22.7,14,83,170,48.8,30,64,46.9,42,49,85.7,'Malcolm Brogdon','PG','BOS'),(86,21,5,25.3,14,103,230,44.8,32,90,35.6,56,72,77.8,'Norman Powell','SG','LAC'),(87,19,19,31.8,13.8,96,150,64,0,2,0,70,95,73.7,'Rudy Gobert','C','MIN'),(88,21,21,30.3,13.7,102,251,40.6,34,111,30.6,50,66,75.8,'Luguentz Dort','SF','OKC'),(89,23,6,23.7,13.6,109,225,48.4,21,60,35,73,89,82,'Collin Sexton','SG','UTA'),(90,17,17,32,13.5,94,160,58.8,0,2,0,41,52,78.8,'Jarrett Allen','C','CLE'),(91,21,16,27.1,13.5,116,193,60.1,18,43,41.9,33,43,76.7,'Bol Bol','PF','ORL'),(92,19,5,27,13.5,106,222,47.7,24,74,32.4,20,25,80,'Bobby Portis','C','MIL'),(93,18,10,25.2,13.3,90,213,42.3,33,85,38.8,27,35,77.1,'Cameron Payne','PG','PHO'),(94,23,23,28.3,13.1,106,190,55.8,38,80,47.5,52,65,80,'Kelly Olynyk','PF','UTA'),(95,17,17,30.2,12.9,75,167,44.9,34,91,37.4,36,41,87.8,'Eric Gordon','SF','HOU'),(97,20,20,23.3,12.9,97,179,54.2,12,27,44.4,52,64,81.3,'Jonas Valanciunas','C','NO'),(98,19,19,30.7,12.7,74,159,46.5,17,60,28.3,77,89,86.5,'Harrison Barnes','PF','SAC'),(99,21,21,32.2,12.6,101,207,48.8,16,71,22.5,47,55,85.5,'John Collins','PF','ATL'),(100,16,0,23.7,12.4,69,147,46.9,15,50,30,46,63,73,'Chris Boucher','C','TOR'),(101,18,8,27.6,12.3,76,155,49,39,97,40.2,31,33,93.9,'Trey Murphy III','SF','NO'),(102,20,20,30,12.2,90,216,41.7,17,50,34,47,52,90.4,'Tre Jones','PG','SA'),(103,17,0,22.2,12.1,76,169,45,16,57,28.1,38,63,60.3,'John Wall','PG','LAC'),(104,21,21,27.4,12,113,154,73.4,0,1,0,25,55,45.5,'Nicolas Claxton','C','BKN'),(105,21,21,29.1,11.9,95,215,44.2,31,88,35.2,28,30,93.3,'Reggie Jackson','PG','LAC'),(106,19,19,31.6,11.6,77,161,47.8,44,88,50,23,30,76.7,'Kentavious Caldwell-Pope','SG','DEN'),(107,16,0,23.5,11.6,76,158,48.1,12,36,33.3,21,29,72.4,'Rui Hachimura','PF','WAS'),(108,19,19,32.3,11.6,78,177,44.1,34,97,35.1,30,35,85.7,'Marcus Smart','PG','BOS'),(109,19,19,30,11.6,72,206,35,40,119,33.6,36,42,85.7,'Jabari Smith','PF','HOU'),(110,17,14,32.1,11.4,65,182,35.7,26,71,36.6,37,47,78.7,'Caris LeVert','SF','CLE'),(111,20,20,32.9,11.4,89,183,48.6,27,66,40.9,22,28,78.6,'Caleb Martin','SF','MIA'),(112,20,5,25.2,11.4,88,161,54.7,21,62,33.9,30,46,65.2,'Kenyon Martin Jr.','SF','HOU'),(113,19,19,29.9,11.4,85,159,53.5,20,56,35.7,26,34,76.5,'Jaden McDaniels','SF','MIN'),(114,17,6,22.8,11.4,75,140,53.6,16,37,43.2,27,32,84.4,'Shake Milton','SG','PHI'),(115,17,15,26.8,11.2,57,125,45.6,36,80,45,41,45,91.1,'Grayson Allen','SF','MIL'),(116,17,17,31.2,11.2,74,133,55.6,37,76,48.7,5,8,62.5,'Al Horford','C','BOS'),(117,20,8,29.2,11,88,188,46.8,25,65,38.5,19,22,86.4,'Bruce Brown','SF','DEN'),(119,19,12,28.1,11,79,193,40.9,37,103,35.9,14,21,66.7,'De\'Anthony Melton','SG','PHI'),(120,20,20,24,10.9,79,186,42.5,22,82,26.8,37,48,77.1,'Jalen Smith','PF','IND'),(121,21,16,26.3,10.9,78,161,48.4,39,86,45.3,34,38,89.5,'Derrick White','SG','BOS'),(122,19,19,29.1,10.6,83,163,50.9,20,61,32.8,16,17,94.1,'Ayo Dosunmu','PG','CHI'),(123,16,1,20.7,10.6,51,122,41.8,36,89,40.4,31,36,86.1,'Kevin Love','PF','CLE'),(124,16,16,28.6,10.5,59,133,44.4,12,44,27.3,38,52,73.1,'Herbert Jones','SG','NO'),(125,19,0,20.9,10.5,76,160,47.5,38,92,41.3,10,16,62.5,'Doug McDermott','SF','SA'),(126,21,21,30.8,10.5,88,144,61.1,0,1,0,45,68,66.2,'Ivica Zubac','C','LAC'),(127,17,15,28.8,10.4,66,164,40.2,30,92,32.6,15,18,83.3,'Keegan Murray','PF','SAC'),(128,21,0,17.3,10.4,86,202,42.6,25,82,30.5,22,29,75.9,'Jaylen Nowell','SG','MIN'),(129,19,7,28.5,10.3,60,114,52.6,21,53,39.6,54,58,93.1,'Austin Reaves','SG','LAL'),(130,17,17,29.2,10.2,58,148,39.2,32,83,38.6,26,34,76.5,'Mike Conley','PG','UTA'),(131,18,1,23.7,10.2,57,183,31.1,35,119,29.4,35,38,92.1,'Tim Hardaway Jr.','SG','DAL'),(132,17,2,22.9,10.2,59,146,40.4,29,80,36.3,27,32,84.4,'Josh Richardson','SG','SA'),(133,20,3,23.6,10.1,80,182,44,28,78,35.9,13,20,65,'Tyus Jones','PG','MEM'),(134,21,0,19.7,10,73,153,47.7,51,114,44.7,13,15,86.7,'Georges Niang','PF','PHI'),(135,22,22,35.6,9.9,76,190,40,52,123,42.3,13,18,72.2,'Royce O\'Neale','PF','BKN'),(136,18,14,23.2,9.8,70,145,48.3,26,61,42.6,10,17,58.8,'Aleksej Pokusevski','PF','OKC'),(137,17,6,24.6,9.8,66,132,50,11,41,26.8,23,26,88.5,'Jalen Williams','SG','OKC'),(138,21,3,25.8,9.7,75,171,43.9,27,72,37.5,27,32,84.4,'Jalen McDaniels','PF','CHA'),(139,16,0,25.8,9.7,55,139,39.6,24,80,30,21,25,84,'Gabe Vincent','PG','MIA'),(140,19,15,25.8,9.6,68,152,44.7,24,72,33.3,22,32,68.8,'Santi Aldama','PF','MEM'),(141,20,20,35.8,9.6,70,147,47.6,12,37,32.4,39,54,72.2,'Josh Hart','SF','POR'),(142,20,20,25.8,9.6,70,146,47.9,27,59,45.8,24,26,92.3,'Patrick Williams','PF','CHI'),(143,19,19,27.2,9.4,68,153,44.4,32,77,41.6,11,13,84.6,'Jevon Carter','PG','MIL'),(144,18,0,22.4,9.4,74,110,67.3,5,13,38.5,16,21,76.2,'Larry Nance Jr.','PF','NO'),(145,20,0,22.7,9.4,61,160,38.1,26,79,32.9,39,45,86.7,'Immanuel Quickley','PG','NY'),(146,17,8,23.4,9.4,58,125,46.4,17,51,33.3,26,29,89.7,'Cam Reddish','SF','NY'),(148,19,19,33.5,9.3,64,152,42.1,35,104,33.7,13,17,76.5,'Dorian Finney-Smith','SF','DAL'),(149,15,11,27.9,9.3,62,134,46.3,10,30,33.3,6,12,50,'Dennis Smith Jr.','PG','CHA'),(150,18,4,22.4,9.3,65,172,37.8,27,96,28.1,10,16,62.5,'Tre Mann','PG','OKC'),(151,21,0,22.8,9.2,70,154,45.5,31,86,36,22,30,73.3,'Cedi Osman','SF','CLE'),(152,20,1,19.1,9.1,73,122,59.8,1,6,16.7,34,44,77.3,'Brandon Clarke','PF','MEM'),(153,20,10,28.2,9.1,63,119,52.9,33,73,45.2,22,26,84.6,'Grant Williams','PF','BOS'),(154,18,18,26.9,9,63,142,44.4,21,56,37.5,15,21,71.4,'Monte Morris','PG','WAS'),(156,19,19,30.5,8.8,68,113,60.2,8,22,36.4,23,33,69.7,'Draymond Green','PF','GS'),(157,18,8,24.8,8.8,60,143,42,30,77,39,9,13,69.2,'Terrence Ross','SG','ORL'),(158,20,5,20.5,8.6,67,145,46.2,27,75,36,11,14,78.6,'Jose Alvarado','PG','NO'),(159,20,13,20.4,8.6,66,133,49.6,25,62,40.3,14,20,70,'Jeremiah Robinson-Earl','C','OKC'),(160,19,11,27.4,8.5,59,124,47.6,33,78,42.3,10,11,90.9,'John Konchar','SG','MEM'),(161,20,0,18.4,8.4,64,154,41.6,15,40,37.5,24,29,82.8,'Tari Eason','F','HOU'),(162,17,1,17.5,8.4,56,120,46.7,24,65,36.9,7,7,100,'AJ Griffin','SF','ATL'),(163,17,12,28.1,8.4,62,101,61.4,0,1,0,18,33,54.5,'Ben Simmons','PG','BKN'),(164,19,0,17.8,8.3,59,138,42.8,23,54,42.6,16,23,69.6,'Goran Dragic','PG','CHI'),(165,20,0,17.7,8.3,63,147,42.9,29,81,35.8,10,11,90.9,'Obi Toppin','PF','NY'),(166,19,5,18.7,8.2,57,119,47.9,20,56,35.7,22,31,71,'Mo Bamba','C','ORL'),(167,20,0,20.8,8.1,53,118,44.9,39,80,48.8,17,19,89.5,'Damion Lee','SG','PHO'),(168,20,20,24.9,8.1,71,150,47.3,8,44,18.2,11,20,55,'Jeremy Sochan','PF','SA'),(169,21,0,22.6,8,61,167,36.5,25,76,32.9,21,24,87.5,'Will Barton','SG','WAS'),(170,21,9,20.8,8,68,118,57.6,11,36,30.6,20,26,76.9,'Terance Mann','SF','LAC'),(171,19,5,20.3,8,61,126,48.4,19,48,39.6,11,17,64.7,'Shaedon Sharpe','SG','POR'),(172,21,21,24.8,8,70,120,58.3,8,21,38.1,20,32,62.5,'Jarred Vanderbilt','C','UTA'),(173,16,3,20,7.9,47,89,52.8,5,20,25,28,36,77.8,'Jeff Green','PF','DEN'),(174,21,0,17.5,7.9,56,107,52.3,46,94,48.9,7,9,77.8,'Sam Hauser','SF','BOS'),(175,18,0,19.6,7.9,51,103,49.5,21,54,38.9,19,22,86.4,'Taurean Prince','PF','MIN'),(177,17,15,26.2,7.8,52,119,43.7,18,55,32.7,11,11,100,'Troy Brown Jr.','SF','LAL'),(178,20,12,23.3,7.7,59,124,47.6,25,64,39.1,10,13,76.9,'Torrey Craig','SF','PHO'),(179,20,11,25.1,7.7,54,148,36.5,34,107,31.8,11,15,73.3,'Joe Harris','SG','BKN'),(180,15,0,12.9,7.7,45,83,54.2,11,31,35.5,14,21,66.7,'Naz Reid','C','MIN'),(181,21,18,24.1,7.6,58,143,40.6,17,59,28.8,26,34,76.5,'Deni Avdija','SF','WAS'),(182,18,0,12.6,7.6,51,88,58,9,23,39.1,25,33,75.8,'Dewayne Dedmon','C','MIA'),(183,16,9,21.8,7.6,40,108,37,22,65,33.8,19,24,79.2,'Aaron Nesmith','SF','IND'),(184,14,0,15.4,7.5,44,81,54.3,0,2,0,17,23,73.9,'Andre Drummond','C','CHI'),(185,23,0,16.7,7.5,64,162,39.5,18,67,26.9,26,34,76.5,'Talen Horton-Tucker','SF','UTA'),(186,19,5,16.1,7.4,56,109,51.4,7,25,28,22,27,81.5,'Keita Bates-Diop','SF','SA'),(187,19,3,16.7,7.3,51,87,58.6,0,3,0,37,53,69.8,'Isaiah Jackson','C','IND'),(188,20,2,20.8,7.3,61,97,62.9,0,2,0,24,33,72.7,'Onyeka Okongwu','C','ATL'),(189,17,7,28.1,7.3,50,132,37.9,8,30,26.7,16,24,66.7,'Justise Winslow','SF','POR'),(190,18,0,17.2,7.2,44,101,43.6,16,46,34.8,25,29,86.2,'R.J. Hampton','PG','ORL'),(191,22,9,23.5,7.1,61,180,33.9,18,58,31,16,19,84.2,'Killian Hayes','PG','DET'),(192,15,6,20.7,7.1,39,86,45.3,21,49,42.9,7,7,100,'Andrew Nembhard','PG','IND'),(193,18,8,15.4,7.1,43,99,43.4,10,37,27,31,33,93.9,'Edmond Sumner','PG','BKN'),(194,18,1,13.1,6.8,43,94,45.7,25,61,41,12,14,85.7,'Terence Davis','SF','SAC'),(195,17,0,13.6,6.8,45,86,52.3,3,26,11.5,23,29,79.3,'Jock Landale','C','PHO'),(196,18,0,13.2,6.8,48,116,41.4,16,45,35.6,10,10,100,'Derrick Rose','PG','NY'),(197,15,7,24.5,6.8,35,76,46.1,23,54,42.6,9,13,69.2,'Dean Wade','PF','CLE'),(198,16,0,14.7,6.7,35,85,41.2,21,60,35,16,22,72.7,'Trey Lyles','C','SAC'),(199,15,5,20.7,6.7,36,76,47.4,13,31,41.9,15,18,83.3,'Aaron Wiggins','SF','OKC'),(200,20,7,22.5,6.6,55,103,53.4,4,18,22.2,17,20,85,'Isaiah Hartenstein','C','NY'),(201,19,4,20.2,6.6,46,110,41.8,15,44,34.1,19,25,76,'Naji Marshall','SF','NO'),(202,19,1,19.1,6.6,51,111,45.9,16,50,32,8,11,72.7,'Davion Mitchell','PG','SAC'),(203,19,1,18.4,6.6,40,120,33.3,22,63,34.9,23,26,88.5,'Jordan Nwora','SG','MIL'),(204,16,0,15.2,6.6,33,88,37.5,6,20,30,33,42,78.6,'Cameron Thomas','SG','BKN'),(205,19,1,19.1,6.5,40,68,58.8,19,39,48.7,25,37,67.6,'Josh Green','SG','DAL'),(206,16,2,20.5,6.3,37,71,52.1,7,17,41.2,19,24,79.2,'Kyle Anderson','SF','MIN'),(207,22,0,15.6,6.3,52,112,46.4,2,13,15.4,32,49,65.3,'Hamidou Diallo','SF','DET'),(208,19,0,21.8,6.3,50,89,56.2,0,1,0,19,39,48.7,'Jalen Duren','C','DET'),(209,16,0,17.6,6.3,35,99,35.4,22,72,30.6,9,10,90,'Duncan Robinson','SG','MIA'),(210,20,0,16.1,6.2,38,92,41.3,34,78,43.6,14,19,73.7,'Devonte\' Graham','PG','NO'),(211,16,2,10.8,6.1,36,86,41.9,12,38,31.6,14,16,87.5,'Dalano Banton','PG','TOR'),(214,16,12,17,6,37,54,68.5,0,1,0,22,33,66.7,'Dwight Powell','C','DAL'),(215,19,3,20.5,6,49,100,49,12,35,34.3,4,10,40,'Kenrich Williams','SG','OKC'),(216,20,0,16.6,5.9,45,79,57,10,26,38.5,17,25,68,'Javonte Green','PF','CHI'),(217,18,0,16.4,5.9,45,90,50,6,30,20,10,12,83.3,'JaMychal Green','C','GS'),(218,17,2,13.8,5.9,38,104,36.5,16,53,30.2,8,9,88.9,'Kendrick Nunn','SG','LAL'),(219,16,0,15.7,5.8,36,82,43.9,9,25,36,12,24,50,'Darius Bazley','PF','OKC'),(220,20,0,15.3,5.8,43,91,47.3,16,43,37.2,13,19,68.4,'Nassir Little','SF','POR'),(221,20,5,20,5.8,38,97,39.2,25,74,33.8,15,20,75,'Isaiah Livers','SF','DET'),(222,20,0,17.8,5.8,43,115,37.4,18,63,28.6,12,16,75,'David Roddy','SF','MEM'),(223,17,7,18.2,5.8,43,80,53.8,1,13,7.7,12,14,85.7,'Thaddeus Young','PF','TOR'),(226,19,0,17.5,5.5,46,101,45.5,3,11,27.3,10,11,90.9,'T.J. McConnell','PG','IND'),(227,20,5,25.8,5.4,35,84,41.7,18,48,37.5,20,26,76.9,'Alex Caruso','SG','CHI'),(228,17,2,13.9,5.4,36,60,60,3,11,27.3,16,20,80,'Wenyen Gabriel','PF','LAL'),(229,19,0,21.3,5.4,32,80,40,13,43,30.2,25,36,69.4,'George Hill','PG','MIL'),(230,16,3,16.1,5.4,38,50,76,1,1,100,10,23,43.5,'DeAndre Jordan','C','DEN'),(231,17,2,15.1,5.4,33,84,39.3,8,35,22.9,17,20,85,'Jonathan Kuminga','PF','GS'),(232,19,1,16.5,5.4,36,79,45.6,11,30,36.7,20,23,87,'Theo Maledon','PG','CHA'),(233,14,0,11.5,5.4,32,54,59.3,3,13,23.1,8,10,80,'Zeke Nnaji','PF','DEN'),(234,18,7,21.8,5.4,32,87,36.8,18,60,30,16,21,76.2,'Chuma Okeke','PF','ORL'),(235,15,6,15.5,5.3,30,78,38.5,12,41,29.3,7,10,70,'MarJon Beauchamp','SG','MIL'),(236,19,0,17.2,5.3,38,113,33.6,14,59,23.7,10,16,62.5,'James Bouknight','SG','CHA'),(237,15,0,12.1,5.3,33,57,57.9,3,15,20,10,11,90.9,'Chimezie Metu','PF','SAC'),(238,18,18,28.8,5.1,30,100,30,23,82,28,8,11,72.7,'Reggie Bullock','SF','DAL'),(240,16,0,18.4,5.1,29,70,41.4,19,49,38.8,5,5,100,'Jake LaRavia','SF','MEM'),(241,17,0,13.2,5.1,23,62,37.1,22,59,37.3,19,20,95,'Garrison Mathews','SF','HOU'),(242,15,0,13,5,22,53,41.5,3,15,20,28,33,84.8,'Derrick Jones Jr.','SF','CHI'),(244,15,0,24.9,5,27,62,43.5,12,39,30.8,9,12,75,'Maxi Kleber','PF','DAL'),(245,15,0,8.1,4.9,24,50,48,19,42,45.2,7,9,77.8,'Isaiah Joe','SG','OKC'),(246,18,1,14.8,4.9,28,71,39.4,15,46,32.6,18,22,81.8,'Moses Moody','SF','GS'),(247,16,0,12.8,4.9,30,64,46.9,11,26,42.3,8,18,44.4,'Isaiah Roby','C','SA'),(248,19,2,18.1,4.8,29,64,45.3,13,37,35.1,21,28,75,'Danuel House Jr.','SF','PHI'),(249,16,0,13.6,4.8,30,44,68.2,2,5,40,14,15,93.3,'Luke Kornet','C','BOS');
/*!40000 ALTER TABLE `scoring` ENABLE KEYS */;
UNLOCK TABLES;

--
-- Table structure for table `steals`
--

DROP TABLE IF EXISTS `steals`;
/*!40101 SET @saved_cs_client     = @@character_set_client */;
/*!50503 SET character_set_client = utf8mb4 */;
CREATE TABLE `steals` (
  `player_id` int NOT NULL,
  `games_played` int DEFAULT NULL,
  `games_started` int DEFAULT NULL,
  `steals` int DEFAULT NULL,
  `steals_per_game` float DEFAULT NULL,
  `player_name` varchar(30) DEFAULT NULL,
  `player_primary_position` varchar(3) DEFAULT NULL,
  `team_id` varchar(3) DEFAULT NULL,
  PRIMARY KEY (`player_id`)
) ENGINE=InnoDB DEFAULT CHARSET=utf8mb4 COLLATE=utf8mb4_0900_ai_ci;
/*!40101 SET character_set_client = @saved_cs_client */;

--
-- Dumping data for table `steals`
--

LOCK TABLES `steals` WRITE;
/*!40000 ALTER TABLE `steals` DISABLE KEYS */;
INSERT INTO `steals` VALUES (29,20,20,47,2.35,'OG Anunoby','SF','TOR'),(30,19,12,40,2.11,'De\'Anthony Melton','SG','PHI'),(31,21,21,40,1.9,'Dejounte Murray','PG','ATL'),(32,20,20,36,1.8,'Tyrese Haliburton','PG','IND'),(33,15,11,27,1.8,'Dennis Smith Jr.','PG','CHA'),(34,14,14,25,1.79,'Fred VanVleet','PG','TOR'),(35,18,18,31,1.72,'Luka Doncic','PG','DAL'),(36,21,21,36,1.71,'Kelly Oubre Jr.','SG','CHA'),(37,20,20,34,1.7,'Shai Gilgeous-Alexander','SG','OKC'),(38,15,14,24,1.6,'Jrue Holiday','PG','MIL'),(39,17,16,27,1.59,'Gary Trent Jr.','SG','TOR'),(40,16,16,25,1.56,'Paul George','SF','LAC'),(41,17,17,26,1.53,'Anthony Davis','C','LAL'),(42,20,20,30,1.5,'Tre Jones','PG','SA'),(43,19,19,28,1.47,'Jevon Carter','PG','MIL'),(44,19,19,28,1.47,'Andrew Wiggins','SF','GS'),(45,20,5,29,1.45,'Alex Caruso','SG','CHI'),(46,20,0,29,1.45,'Tari Eason','F','HOU'),(47,19,19,27,1.42,'Donovan Mitchell','SG','CLE'),(48,20,20,28,1.4,'Josh Hart','SF','POR'),(49,20,20,27,1.35,'Caleb Martin','SF','MIA'),(50,15,15,20,1.33,'Bradley Beal','SG','WAS'),(51,15,15,20,1.33,'Darius Garland','PG','CLE'),(52,19,19,25,1.32,'Tobias Harris','PF','PHI'),(53,19,19,25,1.32,'Kevin Porter','PG','HOU'),(54,21,21,27,1.29,'Luguentz Dort','SF','OKC'),(55,21,21,27,1.29,'Anthony Edwards','SG','MIN'),(56,17,17,22,1.29,'Nikola Jokic','C','DEN'),(57,21,21,27,1.29,'D\'Angelo Russell','PG','MIN'),(58,23,23,29,1.26,'Kelly Olynyk','PF','UTA'),(59,20,20,25,1.25,'Mikal Bridges','SF','PHO'),(60,16,16,20,1.25,'Herbert Jones','SG','NO'),(61,17,17,21,1.24,'CJ McCollum','PG','NO'),(62,17,12,21,1.24,'Ben Simmons','PG','BKN'),(63,19,0,23,1.21,'T.J. McConnell','PG','IND'),(64,20,0,24,1.2,'Immanuel Quickley','PG','NY'),(65,17,17,20,1.18,'Mike Conley','PG','UTA'),(66,22,22,26,1.18,'Royce O\'Neale','PF','BKN'),(67,17,7,20,1.18,'Thaddeus Young','PF','TOR'),(68,18,18,21,1.17,'De\'Aaron Fox','PG','SAC'),(69,18,0,21,1.17,'Paul Reed','SF','PHI'),(70,19,19,22,1.16,'Kentavious Caldwell-Pope','SG','DEN'),(71,19,19,22,1.16,'Stephen Curry','PG','GS'),(72,20,20,23,1.15,'Devin Booker','SG','PHO'),(73,21,21,24,1.14,'Kyle Lowry','PG','MIA'),(74,16,16,18,1.13,'Zach LaVine','SG','CHI'),(75,19,19,21,1.11,'Dorian Finney-Smith','SF','DAL'),(76,19,19,21,1.11,'Kevin Huerter','SG','SAC'),(77,19,19,21,1.11,'Jaden Ivey','SG','DET'),(78,19,19,21,1.11,'Jaden McDaniels','SF','MIN'),(79,20,5,22,1.1,'Jose Alvarado','PG','NO'),(80,20,20,22,1.1,'Jalen Brunson','PG','NY'),(81,21,21,23,1.1,'Jarred Vanderbilt','C','UTA'),(82,15,15,16,1.07,'Zion Williamson','PF','NO'),(83,17,17,18,1.06,'Ja Morant','PG','MEM'),(84,18,8,19,1.06,'Trey Murphy III','SF','NO'),(85,16,16,17,1.06,'Jamal Murray','PG','DEN'),(86,18,3,19,1.06,'Russell Westbrook','PG','LAL'),(87,17,7,18,1.06,'Justise Winslow','SF','POR'),(88,19,19,20,1.05,'Jaylen Brown','SF','BOS'),(89,20,8,21,1.05,'Bruce Brown','SF','DEN'),(90,20,20,21,1.05,'DeMar DeRozan','SF','CHI'),(91,19,19,20,1.05,'Spencer Dinwiddie','PG','DAL'),(92,22,9,23,1.05,'Killian Hayes','PG','DET'),(93,20,20,21,1.05,'Buddy Hield','SG','IND'),(94,19,19,20,1.05,'Marcus Smart','PG','BOS'),(95,23,2,24,1.04,'Malik Beasley','SG','UTA'),(96,19,19,19,1,'Bam Adebayo','C','MIA'),(97,20,0,20,1,'Javonte Green','PF','CHI'),(98,19,19,19,1,'Keldon Johnson','SF','SA'),(99,15,15,15,1,'Tyrese Maxey','PG','PHI'),(100,18,18,18,1,'Anfernee Simons','SG','POR'),(101,17,0,17,1,'John Wall','PG','LAC'),(102,19,15,18,0.95,'Santi Aldama','PF','MEM'),(103,19,19,18,0.95,'Draymond Green','PF','GS'),(104,19,11,18,0.95,'John Konchar','SG','MEM'),(105,21,3,20,0.95,'Jalen McDaniels','PF','CHA'),(106,21,21,20,0.95,'Evan Mobley','PF','CLE'),(107,20,20,19,0.95,'Jeremy Sochan','PF','SA'),(108,16,2,15,0.94,'Kyle Anderson','SF','MIN'),(109,16,16,15,0.94,'Giannis Antetokounmpo','PF','MIL'),(110,17,16,16,0.94,'Scottie Barnes','PF','TOR'),(111,17,1,16,0.94,'AJ Griffin','SF','ATL'),(112,18,10,17,0.94,'Cameron Payne','PG','PHO'),(113,17,17,16,0.94,'Lonnie Walker IV','SF','LAL'),(114,20,20,18,0.9,'Jakob Poeltl','C','SA'),(115,18,17,16,0.89,'Saddiq Bey','SF','DET'),(116,18,18,16,0.89,'Reggie Bullock','SF','DAL'),(117,18,1,16,0.89,'Usman Garuba','PF','HOU'),(118,19,1,17,0.89,'Josh Green','SG','DAL'),(119,18,0,16,0.89,'R.J. Hampton','PG','ORL'),(120,18,4,16,0.89,'Tre Mann','PG','OKC'),(121,17,15,15,0.88,'Grayson Allen','SF','MIL'),(122,16,0,14,0.88,'Chris Boucher','C','TOR'),(123,17,8,15,0.88,'Cam Reddish','SF','NY'),(124,15,15,13,0.87,'Brandon Ingram','SF','NO'),(125,15,6,13,0.87,'Andrew Nembhard','PG','IND'),(126,14,14,12,0.86,'Patrick Beverley','PG','LAL'),(127,21,21,18,0.86,'John Collins','PF','ATL'),(128,21,4,18,0.86,'Jordan Poole','SG','GS'),(129,21,16,18,0.86,'Derrick White','SG','BOS'),(130,20,13,17,0.85,'Jeremiah Robinson-Earl','C','OKC'),(131,20,20,17,0.85,'Jayson Tatum','PF','BOS'),(132,19,1,16,0.84,'Theo Maledon','PG','CHA'),(133,19,19,16,0.84,'Marcus Morris','PF','LAC'),(134,23,0,19,0.83,'Talen Horton-Tucker','SF','UTA'),(135,18,0,15,0.83,'Larry Nance Jr.','PF','NO'),(136,18,8,15,0.83,'Edmond Sumner','PG','BKN'),(137,17,17,14,0.82,'Dillon Brooks','SF','MEM'),(138,17,3,14,0.82,'Matisse Thybulle','SF','PHI'),(139,21,5,17,0.81,'Norman Powell','SG','LAC'),(140,16,14,13,0.81,'Devin Vassell','SG','SA'),(141,16,0,13,0.81,'Gabe Vincent','PG','MIA'),(142,21,21,17,0.81,'Franz Wagner','G','ORL'),(143,20,7,16,0.8,'Isaiah Hartenstein','C','NY'),(144,15,0,12,0.8,'Jordan McLaughlin','PG','MIN'),(145,20,20,16,0.8,'Julius Randle','PF','NY'),(146,20,20,16,0.8,'Trae Young','PG','ATL'),(147,19,19,15,0.79,'Harrison Barnes','PF','SAC'),(148,19,19,15,0.79,'Jerami Grant','PF','POR'),(149,19,19,15,0.79,'Domantas Sabonis','C','SAC'),(150,19,12,15,0.79,'Max Strus','SG','MIA'),(151,18,18,14,0.78,'Monte Morris','PG','WAS'),(152,18,0,14,0.78,'Daishen Nix','PG','HOU'),(153,18,8,14,0.78,'Terrence Ross','SG','ORL'),(154,21,21,16,0.76,'Nicolas Claxton','C','BKN'),(155,17,15,13,0.76,'Keegan Murray','PF','SAC'),(156,17,17,13,0.76,'Jusuf Nurkic','C','POR'),(157,17,14,13,0.76,'Alperen Sengun','C','HOU'),(158,21,21,16,0.76,'Karl-Anthony Towns','PF','MIN'),(159,20,20,15,0.75,'Jalen Green','SG','HOU'),(160,20,20,15,0.75,'Kristaps Porzingis','C','WAS'),(161,20,20,15,0.75,'Patrick Williams','PF','CHI'),(162,19,19,14,0.74,'Steven Adams','C','MEM'),(163,19,19,14,0.74,'Ayo Dosunmu','PG','CHI'),(164,22,22,16,0.73,'Kevin Durant','PF','BKN'),(165,18,1,13,0.72,'Terence Davis','SF','SAC'),(166,18,1,13,0.72,'Tim Hardaway Jr.','SG','DAL'),(167,18,14,13,0.72,'Aleksej Pokusevski','PF','OKC'),(168,17,15,12,0.71,'Troy Brown Jr.','SF','LAL'),(169,17,17,12,0.71,'Eric Gordon','SF','HOU'),(170,17,2,12,0.71,'Josh Richardson','SG','SA'),(171,17,17,12,0.71,'Klay Thompson','SG','GS'),(172,17,6,12,0.71,'Jalen Williams','SG','OKC'),(173,20,0,14,0.7,'Jalen Johnson','SF','ATL'),(174,19,5,13,0.68,'Keita Bates-Diop','SF','SA'),(175,19,19,13,0.68,'Rudy Gobert','C','MIN'),(176,19,1,13,0.68,'Aaron Holiday','PG','ATL'),(177,19,19,13,0.68,'Brook Lopez','C','MIL'),(178,19,3,13,0.68,'Kenrich Williams','SG','OKC'),(179,21,18,14,0.67,'Deni Avdija','SF','WAS'),(180,21,0,14,0.67,'Will Barton','SG','WAS'),(181,21,21,14,0.67,'Reggie Jackson','PG','LAC'),(182,20,12,13,0.65,'Torrey Craig','SF','PHO'),(183,17,17,11,0.65,'Aaron Gordon','PF','DEN'),(184,17,14,11,0.65,'Caris LeVert','SF','CLE'),(185,23,6,15,0.65,'Collin Sexton','SG','UTA'),(186,19,19,12,0.63,'Clint Capela','C','ATL'),(187,19,0,12,0.63,'Malik Monk','SG','SAC'),(188,16,16,10,0.63,'Michael Porter Jr.','SF','DEN'),(189,16,12,10,0.63,'Dwight Powell','C','DAL'),(190,21,21,13,0.62,'P.J. Tucker','PF','PHI'),(191,21,21,13,0.62,'P.J. Washington','PF','CHA'),(192,18,0,11,0.61,'JaMychal Green','C','GS'),(193,18,7,11,0.61,'Chuma Okeke','PF','ORL'),(194,15,0,9,0.6,'Oshae Brissett','SF','IND'),(195,20,3,12,0.6,'Tyus Jones','PG','MEM'),(196,20,0,12,0.6,'Bennedict Mathurin','SG','IND'),(197,15,15,9,0.6,'Myles Turner','C','IND'),(198,15,5,9,0.6,'Aaron Wiggins','SF','OKC'),(199,20,10,12,0.6,'Grant Williams','PF','BOS'),(200,22,0,13,0.59,'Hamidou Diallo','SF','DET'),(201,19,3,11,0.58,'Isaiah Jackson','C','IND'),(202,19,4,11,0.58,'Naji Marshall','SF','NO'),(203,21,1,12,0.57,'Nicolas Batum','PF','LAC'),(204,14,0,8,0.57,'Andre Drummond','C','CHI'),(205,21,0,12,0.57,'Jaylen Nowell','SG','MIN'),(206,21,4,12,0.57,'Isaac Okoro','SG','CLE'),(207,21,21,12,0.57,'Mason Plumlee','C','CHA'),(208,18,18,10,0.56,'Deandre Ayton','C','PHO'),(209,16,2,9,0.56,'Dalano Banton','PG','TOR'),(210,16,0,9,0.56,'Darius Bazley','PF','OKC'),(211,16,0,9,0.56,'Jake LaRavia','SF','MEM'),(212,16,0,9,0.56,'Wesley Matthews','SG','MIL'),(213,16,0,9,0.56,'Cameron Thomas','SG','BKN'),(214,20,0,11,0.55,'Devonte\' Graham','PG','NO'),(215,20,2,11,0.55,'Onyeka Okongwu','C','ATL'),(216,17,17,9,0.53,'Jarrett Allen','C','CLE'),(217,17,0,9,0.53,'Malcolm Brogdon','PG','BOS'),(218,15,15,8,0.53,'Wendell Carter Jr.','C','ORL'),(219,17,2,9,0.53,'Wenyen Gabriel','PF','LAL'),(220,15,7,8,0.53,'Dean Wade','PF','CLE'),(221,20,20,10,0.5,'R.J. Barrett','SF','NY'),(222,16,9,8,0.5,'Aaron Nesmith','SF','IND'),(223,23,23,11,0.48,'Lauri Markkanen','SF','UTA'),(224,15,6,7,0.47,'MarJon Beauchamp','SG','MIL'),(225,19,0,9,0.47,'James Bouknight','SG','CHA'),(226,19,0,9,0.47,'Jalen Duren','C','DET'),(227,19,3,9,0.47,'Drew Eubanks','C','POR'),(228,17,0,8,0.47,'Christian Wood','C','DAL'),(229,17,0,8,0.47,'Garrison Mathews','SF','HOU'),(230,20,0,9,0.45,'Damion Lee','SG','PHO'),(231,20,5,9,0.45,'Isaiah Livers','SF','DET'),(232,20,5,9,0.45,'Kenyon Martin Jr.','SF','HOU'),(233,20,0,9,0.45,'Obi Toppin','PF','NY'),(234,18,18,8,0.44,'Josh Giddey','PG','OKC'),(235,21,21,9,0.43,'Bojan Bogdanovic','SF','DET'),(236,21,21,9,0.43,'Kevon Looney','C','GS'),(237,21,9,9,0.43,'Terance Mann','SF','LAC'),(238,21,0,9,0.43,'Georges Niang','PF','PHI'),(239,19,0,8,0.42,'Christian Braun','SG','DEN'),(240,19,0,8,0.42,'George Hill','PG','MIL'),(241,19,1,8,0.42,'Davion Mitchell','PG','SAC'),(242,19,5,8,0.42,'Bobby Portis','C','MIL'),(243,19,7,8,0.42,'Austin Reaves','SG','LAL'),(244,17,17,7,0.41,'Al Horford','C','BOS'),(245,17,0,7,0.41,'Josh Okogie','SF','PHO'),(246,20,11,8,0.4,'Joe Harris','SG','BKN'),(247,15,0,6,0.4,'Maxi Kleber','PF','DAL'),(248,20,0,8,0.4,'Nassir Little','SF','POR'),(249,18,1,7,0.39,'Moses Moody','SF','GS'),(250,16,3,6,0.38,'Jeff Green','PF','DEN'),(251,16,0,6,0.38,'Trey Lyles','C','SAC'),(252,16,0,6,0.38,'Isaiah Roby','C','SA'),(253,21,21,8,0.38,'Ivica Zubac','C','LAC'),(254,14,2,5,0.36,'Jericho Sims','C','NY'),(255,23,23,8,0.35,'Jordan Clarkson','PG','UTA'),(256,20,20,7,0.35,'De\'Andre Hunter','SF','ATL'),(257,17,2,6,0.35,'Jonathan Kuminga','PF','GS'),(258,20,20,7,0.35,'Kyle Kuzma','PF','WAS'),(259,20,0,7,0.35,'David Roddy','SF','MEM'),(260,20,20,7,0.35,'Jonas Valanciunas','C','NO'),(261,21,16,7,0.33,'Bol Bol','PF','ORL'),(262,15,0,5,0.33,'Isaiah Joe','SG','OKC'),(263,15,0,5,0.33,'Derrick Jones Jr.','SF','CHI'),(264,15,0,5,0.33,'Chimezie Metu','PF','SAC'),(265,18,0,6,0.33,'Taurean Prince','PF','MIN'),(266,19,0,6,0.32,'Goran Dragic','PG','CHI'),(267,19,2,6,0.32,'Danuel House Jr.','SF','PHI'),(268,19,19,6,0.32,'Jabari Smith','PF','HOU'),(269,16,2,5,0.31,'Bismack Biyombo','C','PHO'),(270,16,0,5,0.31,'Rui Hachimura','PF','WAS'),(271,20,1,6,0.3,'Brandon Clarke','PF','MEM'),(272,20,20,6,0.3,'Jalen Smith','PF','IND'),(273,20,20,6,0.3,'Nikola Vucevic','C','CHI'),(274,21,0,6,0.29,'Daniel Gafford','C','WAS'),(275,17,0,5,0.29,'Jock Landale','C','PHO'),(276,17,6,5,0.29,'Shake Milton','SG','PHI'),(277,21,0,6,0.29,'Cedi Osman','SF','CLE'),(278,18,3,5,0.28,'Amir Coffey','SG','LAC');
/*!40000 ALTER TABLE `steals` ENABLE KEYS */;
UNLOCK TABLES;

--
-- Table structure for table `teams`
--

DROP TABLE IF EXISTS `teams`;
/*!40101 SET @saved_cs_client     = @@character_set_client */;
/*!50503 SET character_set_client = utf8mb4 */;
CREATE TABLE `teams` (
  `team_id` varchar(3) NOT NULL,
  `team_name` varchar(45) DEFAULT NULL,
  PRIMARY KEY (`team_id`)
) ENGINE=InnoDB DEFAULT CHARSET=utf8mb4 COLLATE=utf8mb4_0900_ai_ci;
/*!40101 SET character_set_client = @saved_cs_client */;

--
-- Dumping data for table `teams`
--

LOCK TABLES `teams` WRITE;
/*!40000 ALTER TABLE `teams` DISABLE KEYS */;
INSERT INTO `teams` VALUES ('ATL','Atlanta Hawks'),('BKN','Brooklyn Nets'),('BOS','Boston Celtics'),('CHA','Charlotte Hornets'),('CHI','Chicago Bulls'),('CLE','Cleveland Cavaliers'),('DAL','Dallas Mavericks'),('DEN','Denver Nuggets'),('DET','Detroit Pistons'),('GS','Golden State Warriors'),('HOU','Houston Rockets'),('IND','Indiana Pacers'),('LAC','Los Angeles Clippers'),('LAL','Los Angeles Lakers'),('MEM','Memphis Grizzlies'),('MIA','Miami Heat'),('MIL','Milwaukee Bucks'),('MIN','Minnesota Timberwolves'),('NO','New Orleans Pelicans'),('NYK','New York Knicks'),('OKC','Oklahoma City Thunder'),('ORL','Orlando Magic'),('PHI','Philadelphia 76ers'),('PHO','Phoenix Suns'),('POR','Portland Trail Blazers'),('SA','San Antonio Spurs'),('SAC','Sacramento Kings'),('TOR','Toronto Raptors'),('UTH','Utah Jazz'),('WAS','Washington Wizards');
/*!40000 ALTER TABLE `teams` ENABLE KEYS */;
UNLOCK TABLES;
/*!40103 SET TIME_ZONE=@OLD_TIME_ZONE */;

/*!40101 SET SQL_MODE=@OLD_SQL_MODE */;
/*!40014 SET FOREIGN_KEY_CHECKS=@OLD_FOREIGN_KEY_CHECKS */;
/*!40014 SET UNIQUE_CHECKS=@OLD_UNIQUE_CHECKS */;
/*!40101 SET CHARACTER_SET_CLIENT=@OLD_CHARACTER_SET_CLIENT */;
/*!40101 SET CHARACTER_SET_RESULTS=@OLD_CHARACTER_SET_RESULTS */;
/*!40101 SET COLLATION_CONNECTION=@OLD_COLLATION_CONNECTION */;
/*!40111 SET SQL_NOTES=@OLD_SQL_NOTES */;

-- Dump completed on 2022-11-29 15:19:00
